標題,演出者,專輯/來源,時長(mm:ss),時長(秒),合作名單,標記
不刪, 井朧,不刪,4:25,265,,
听说你 (说唱版),于冬然; 歪歪超,听说你（说唱版）,3:47,227,,
家楼下便利店,zhou6,家楼下便利店,2:28,148,,
一直很安靜,阿桑,仙劍奇俠傳電視原聲帶,4:11,251,,
the alternative,Lyn Lapid,to love in the 21st century,3:04,184,,
Last Forever,Bob Moses,Last Forever,5:10,310,,
886,函几,886,3:35,215,,
Blame (合作演出：Masiwei、Bohan Phoenix和J.Mag),Harikiri,339,3:04,184,Masiwei、Bohan Phoenix和J.Mag,
阿司匹林,王以太,演.说.家,3:23,203,,
"MOVE ON - kkluv/thomeboydontkill/羅言 ""你像帶刺的玫瑰""［中文歌詞 - lyrics video］",,Magic Fox,3:02,182,,
[Vietsub] Quỷ Tân Nương - Chỉ Tiêm Tiếu / 诡新娘 - 指尖笑,,Ying Jie - 英杰,3:39,219,,
走不出的回憶,任然,走不出的回憶,3:45,225,,
若能再见,王靖雯,若能再见,4:31,271,,
a good man with a broken heart,LoVibe.,a good man with a broken heart,1:59,119,,
撞地球 (DJ阿卓版),鱼儿七,撞地球,2:26,146,,
绿色,陈雪凝,绿色,4:30,270,,
Sorry,Halsey,hopeless fountain kingdom (Deluxe),3:41,221,,
Smokin' With Myself,Cartoons; Weed,Smokin' With Myself,3:17,197,,
初春,趙翊帆,初春,3:06,186,,
遗憾吗,承桓,遗憾吗,3:22,202,,
回忆见,陈雪凝,回忆见,4:36,276,,
河南浪漫宣言,刀酱,河南浪漫宣言,2:46,166,,
Drugs I Like,nate band,Drugs I Like,3:19,199,,
Tally,BLACKPINK,BORN PINK,3:05,185,,
1800 (合作演出：Ironmouse),bbno$,1800,3:28,208,Ironmouse,
想你,姜云升; 顾帅Gs,想你,3:26,206,,
Save Me,LU2VYK,Save Me,3:06,186,,
Ascend (My Mind Edit),Dezko,Ascend,3:20,200,,Edit
gaslight,Nessa Barrett,young forever,3:17,197,,
恋爱告急,鞠婧祎,恋爱告急,4:14,254,,
I’d Rather Overdose (合作演出：Z),honestav,I’d Rather Overdose,3:56,236,Z,
莫愁乡,亞細亞曠世奇才,莫愁乡,2:17,137,,
免我蹉跎苦,黄龄,免我蹉跎苦,3:11,191,,
GASOLINA & COCAINA,HEDEGAARD,GASOLINA & COCAINA,3:13,193,,
第一万零一次告白-夏日入侵企画 (《你的婚礼》电影插曲)『如果说 还要和你有一万次的错过 追一万零一次 又如何』【动态歌词Lyrics】,,KKY Music Studio,5:42,342,,
回不去的夏天,夏日入侵企画,回不去的夏天,4:46,286,,
谁在幸福呢,于冬然,谁在幸福呢,3:39,219,,
弱,joysaaaa,弱,3:32,212,,
座位,承桓,座位,3:29,209,,
Mr. Brightside,The Killers,Hot Fuss,3:43,223,,
看着我的眼睛说 (Live),姚晓棠和张远,天赐的声音第六季 第7期,4:41,281,,Live
我把我的青春給你,好樂團,我把我的青春給你,4:04,244,,
中國老總,閩南狼PYC,林北,2:59,179,,
不用去猜,Jony J,不用去猜,3:33,213,,
山脚,Jony J,24时,3:17,197,,
The List,Maisie Peters,The List,3:20,200,,
Your Imagination,Afinity; Casey Cook,Your Imagination,3:58,238,,
Bad Blood (Taylor's Version),Taylor Swift,1989 (Taylor's Version),3:32,212,,Version
Best of The Chainsmokers Mashup by Krimsonn,,Krimsonn,3:00,180,,
徐心愉 - 自娱自乐 (抖音女生版)『我学着一个人一整天都不失落，就让我喝醉了唱着歌自娱自乐。』【动态歌词】翻唱,,Lyrics Music,3:43,223,,
感谢你曾来过,阿涵; Ayo97,感谢你曾来过,4:11,251,,
Good (合作演出：Jocko Willink),Akira The Don,Good,6:22,382,Jocko Willink,
双相,SipSu小口酥; 陈奕楠,双相,3:02,182,,
執子之手,寶石Gem; 哩哩,黑怕盲盒Vol.2心動系列,3:11,191,,
情歌,en,情歌,3:57,237,,
Step Back!,1nonly; SXMPRA,Step Back!,2:31,151,,
删 (句句是遗憾),阮妍霏; 马骆闻,删 (句句是遗憾),3:24,204,,
Jace June - Come Home (Lyrics) baby come home i need you to hold me,,Nightdrives,2:19,139,,
有的人 (合作演出：朴鲨),王齐铭WatchMe,夜郎溪,3:07,187,朴鲨,
防火线 (合作演出：刘柏辛),Jony J,防火线,4:21,261,刘柏辛,
情歌 (治愈版),甘草片r,情歌 (治愈版),3:26,206,,
浪漫主义2.0,姜云升,浪漫主义2.0,2:55,175,,
爱情转移 (完整版),戴羽彤,爱情转移,3:23,203,,
不遗憾了吧,承桓,不遗憾了吧,3:18,198,,
我愛妳但是我要回家 (架子鼓),ET; Happer; 無面小生; 口古口古,我愛妳但是我要回家 (架子鼓),3:14,194,,
或許,LBI利比,或許,3:42,222,,
"Not snow,but U",七元,"Not snow,but U",3:49,229,,
Snow Rally,valtis,Snow Rally,2:37,157,,
redrum,21 Savage,american dream,4:31,271,,
婚纱,承桓,婚纱,3:43,223,,
梨花树下,苏星婕; 吴岱林,梨花树下,3:27,207,,
We Fell Apart (Slowed),ANGUISH; AmbVsh; ily,We Fell Apart (Slowed),2:36,156,,Sped Up
挽留不住你,ATK; 陈小满; 艾纳德,挽留不住你,3:00,180,,
一点,muyoi; Pezzi,一点,3:20,200,,
普通女孩,沙一汀EL,敏感小孩,2:25,145,,
Take Me Home,GAWNE; Atlus,Take Me Home,3:09,189,,
一滴一滴一滴,张德伊玲,一滴一滴一滴,3:08,188,,
girl in new york,Nessa Barrett,girl in new york,2:58,178,,
罗生门2024（Follow）,梨冻紧; Wiz_H张子豪,罗生门2024（Follow）,3:41,221,,
STAY ALIVE,Nessa Barrett,AFTERCARE,3:11,191,,
Tough,Quavo; Lana Del Rey,Tough,3:09,189,,
Royalty,Egzod; Maestro Chives; Neoni,Royalty,3:44,224,,
Way down We Go,KALEO,A/B,3:34,214,,
Wonderful Nothing (Edit),Glass Animals,Wonderful Nothing (Edit),3:17,197,,Edit
Love You Still (abcdefu romantic version),Tyler Shaw,Love You Still (abcdefu romantic version),2:31,151,,Version
Voices In My Head (they said),Jack Harris,Voices In My Head (they said),2:40,160,,
Dirty,grandson,Death Of An Optimist,3:29,209,,
A Good Song Never Dies,Saint Motel,The Original Motion Picture Soundtrack,3:22,202,,
Once Upon A Time (House Extended Mix),Max Oazo,Once Upon A Time (Melodic House & Techno),7:54,474,,
"Tell Me, Would You Love Me All Again? (Sped Up)",Soren,"Tell Me, Would You Love Me All Again?",2:17,137,,Sped Up
In The Stars,Benson Boone,Walk Me Home...,3:37,217,,
朋友圈,高宇Slient; #0000FF; Sapling; B.T.M,朋友圈,2:56,176,,
想去海边,夏日入侵企画,想去海边,4:27,267,,
最最幸運的事情,吳克群,今天很OK,3:46,226,,
Meant To Be,Arc North; Krista Marina,Meant To Be,3:29,209,,
Another Love (Tiësto Remix),Tom Odell,Another Love (Tiësto Remix),3:06,186,,Remix
Cause I`m Crazy,DJ Goja,Cause I`m Crazy,3:03,183,,
浪子的路 (合作演出：茄子蛋),RPG,浪子的路,3:32,212,茄子蛋,
回到那天,文慧如,回到那天,3:32,212,,
She’s The Sun,Gabe Watkins,She’s The Sun,3:09,189,,
失控,井迪,失控,4:15,255,,
電梯戰神,寶石Gem,電梯戰神,3:28,208,,
monster,Layto,monster,2:56,176,,
Young Life Crisis,UPSAHL,Young Life Crisis,2:37,157,,
Alibi (with Pabllo Vittar & Yseult),Sevdaliza; Pabllo Vittar; Yseult,Alibi (with Pabllo Vittar & Yseult),2:42,162,,
PINK LIKE SUKI,,Pebbles&TamTam,2:06,126,,
El Tiempo,Skin On Flesh,89.7 Growl FM,2:08,128,,
孤独与辜负,赵乃吉,孤独与辜负,3:42,222,,
晚婚 (Live),姚晓棠,2021中国好声音 第10期 (Live),5:20,320,,Live
Too Bad,Connor Price,Too Bad,2:14,134,,
各自安好,劉若英,各自安好,4:24,264,,
如果我們還在一起,宇宙人 CosmosPeople,右腦,4:34,274,,
我們沒有在一起,劉若英,在一起,4:40,280,,
La Roux - Bulletproof (Gamper & Dadoni Remix),,MrRevillz,4:35,275,,Remix
this is what sadness feels like,JVKE,this is what ____ feels like (Vol. 1-4),3:12,192,,
this is what autumn feels like,JVKE,this is what autumn feels like,3:40,220,,
this is what winter feels like,JVKE,this is what winter feels like,3:15,195,,
错季,秋原依,错季,4:36,276,,
OK了 (Vroom),KnowKnow; 陳澤,OK了 (Vroom),2:32,152,,
妳對我多重要,BK,妳對我多重要,3:20,200,,
Cabin Fever,Diggy Graves,Cabin Fever,2:59,179,,
Mine,1nonly,Mine,2:35,155,,
Birds in a Cage,YCK,Birds in a Cage,3:28,208,,
不再等你,Lil Puff; Mikey-18; 哨孟定,不再等你,3:05,185,,
暮色回响 (Live),张碧晨; 李承铉,天赐的声音第五季 第10期 (Live),3:57,237,,Live
至少还有你 (说唱版),歪歪超; 覆予,至少还有你 (说唱版),3:03,183,,
Automotivo Bibi Fogosa (Censurado),Bibi Babydoll; DJ Brunin XM; KZA Produções,Automotivo Bibi Fogosa (Censurado),2:10,130,,
Minefield,Nic D,Minefield,2:39,159,,
后来有了她,吕口口,后来有了她,3:44,224,,
被神明寫的歌 (完整版),袁小葳,被神明寫的歌,3:05,185,,
Mexico,Shotgun Willy; Yung Craka,Mexico,3:24,204,,
If I Killed Someone for You,Alec Benjamin,Narrated For You,3:06,186,,
East of Eden,Zella Day,Kicker,3:07,187,,
GHO$T (合作演出：DeeKay和ILYAdrian),Slevpy808,GHO$T,3:08,188,DeeKay和ILYAdrian,
起风了,解唔出愛情,起风了,4:10,250,,
我丢了他,赵宥乔,我丢了他,3:35,215,,
Любимка,NILETTO,Любимка,3:40,220,,
Waiting For Never,Post Malone,Twelve Carat Toothache (Deluxe),3:17,197,,
Lady Killers III,G-Eazy,Lady Killers III,2:57,177,,
Escapism.,RAYE; 070 Shake,My 21st Century Blues,4:33,273,,
Off the Record,Will Jay,Off the Record,3:28,208,,
Bad at Love,Halsey,hopeless fountain kingdom,3:02,182,,
DOLLAZ ON YA HEAD,Bumboi和Blokka $oLO,DOLLAZ ON YA HEAD,2:19,139,,
Make It Look Easy,Frank Bentley; Lalinea,Make It Look Easy,3:33,213,,
すずめ (合作演出：Toaka),RADWIMPS,すずめ,3:57,237,Toaka,
Make You Mine (Holiday Mix),PUBLIC,Make You Mine (Holiday Mix),3:54,234,,
Make You Mine (Radio Edit),PUBLIC,Make You Mine,3:17,197,,Edit
BAND4BAND,Central Cee; Lil Baby,BAND4BAND,2:21,141,,
可以不是你,戴羽彤,可以不是你,3:37,217,,
Stargazing,Myles Smith,Stargazing,2:53,173,,
5:20AM,刀酱,5:20AM,2:42,162,,
Cry,Benson Boone,Fireworks & Rollerblades,3:07,187,,
i hope ur miserable until ur dead,Nessa Barrett,pretty poison,2:58,178,,
Fortnight (BLOND:ISH Remix) (合作演出：Post Malone),Taylor Swift; BLOND:ISH,Fortnight (BLOND:ISH Remix),3:37,217,Post Malone,Remix
Colors,Halsey,BADLANDS,4:10,250,,
Cheri Cheri Lady,摩登語錄合唱團,Let's Talk About Love,3:47,227,,
I Can Do It With a Broken Heart,Taylor Swift,THE TORTURED POETS DEPARTMENT,3:39,219,,
Somewhere Only We Know,rhianne,Somewhere Only We Know,3:05,185,,
Fur Elise Trailerized,Wall Of Noise; Ludwig Van Beethoven,Classical Evolution,3:01,181,,
Sway With Me,tearsfromwho; Lord Distortion; XATASHI,Sway With Me,3:12,192,,
I HEAR THEM LAUGHING,WHO SHOT SCOTT,I HEAR THEM LAUGHING,3:07,187,,
Architect,Livingston,A Hometown Odyssey,3:33,213,,
Last Man Standing,Livingston,Last Man Standing,3:04,184,,
John Wick,Connor Price; ANAS,John Wick,2:53,173,,
I Should Have Stayed at Home,Ryan Mack,I Should Have Stayed at Home,2:44,164,,
Echo Sax End,Caleb Arredondo,Echo Sax End,1:18,78,,
RUNNING,NF,HOPE,4:14,254,,
Vois sur ton chemin (Techno Mix),BENNETT,Vois sur ton chemin (Techno Mix),2:59,179,,
Tokyo Drift,BEAUZ; MYLK,Tokyo Drift,2:44,164,,
Ele Te Bota Soca Soca,MC Mazzie; Mc Rd; DJ NPC Size; DJ Wizard,Ele Te Bota Soca Soca,3:01,181,,
i like the way you kiss me,Artemas,i like the way you kiss me,2:23,143,,
Automotivo Bibi Fogosa,Bibi Babydoll; DJ Brunin XM; KZA Produções,Automotivo Bibi Fogosa,2:10,130,,
Summer Days (合作演出：Macklemore和Patrick Stump of Fall Out Boy),Martin Garrix; Macklemore; Fall Out Boy,Summer Days (feat. Macklemore & Patrick Stump of Fall Out Boy),2:44,164,Macklemore和Patrick Stump of Fall Out Boy,
Agora Hills,Doja Cat,Scarlet,4:26,266,,
Sold Out,Hawk Nelson,Diamonds,3:34,214,,
Roi,Videoclub; Adèle Castillon; Mattyeux,Roi,3:46,226,,
Camouflage,BoyWithUke,Lucid Dreams,2:43,163,,
Maybe Man,AJR,The Maybe Man,3:41,221,,
翻唱《带我去找夜生活》- 告五人，如果你还没有睡，如果你还不停追。 Ameme cover,,Ameme_Channel,5:07,307,,
L.I.F.E.,Remady,L.I.F.E.,3:00,180,,
Way Too High,Mike Perry,Way Too High,3:03,183,,
听说你,于冬然,听说你,4:00,240,,
四季终点,张德伊玲,四季终点,3:28,208,,
Fractures (Trivecta Remix) (合作演出：Nevve),Awake (Remixes),Awake (Remixes),5:02,302,Nevve,Remix
用情 (Remix),歪歪超; 羊羊,用情 (Remix),3:20,200,,Remix
这辈子欠自己太多,李发发,这辈子欠自己太多,3:56,236,,
All For Love (合作演出：理查德·史米特),Tungevaag; Raaban,All For Love,3:01,181,理查德·史米特,
Stay The Night,Just Kiddin; Camden Cox,Stay The Night,2:47,167,,
执迷不悟 (DJ版),小乐哥(王唯乐),执迷不悟,4:06,246,,
出山,花粥; 王胜娚,出山,3:21,201,,
北島詩 - 9277(女聲版)「要我唱幾首歌才能夠將你捕捉」動態歌詞版,,9420 Music Bar,3:13,193,,
Running Up That Hill (BLVCK CROWZ Edit) (合作演出：Luke Madness),Kilian K; Blaze U; BLVCK CROWZ,Running Up That Hill (BLVCK CROWZ Edit),2:59,179,Luke Madness,Edit
Mercy,Jauz; Masked Wolf,Mercy,3:11,191,,
Drvgs (合作演出：Hayley Gene),DVBBS,Initio E.P,4:11,251,Hayley Gene,
Glamorama,Bryce Vine,Night Circus,3:12,192,,
Dark Paradise,Matt Lange; Tania Zygar,"Aruna Presents The Hot List, Vol. 1",4:19,259,,
Strangers,Kenya Grace,Strangers,2:53,173,,
Disconnect (Songer Remix),Becky Hill,Disconnect (Songer Remix),2:42,162,,Remix
爱如火 (说唱版),Sapling; Hugo; 未知旋律Crew,爱如火 (说唱版),3:14,194,,
Ain't Seen Nothin',Paper Kings,Ain't Seen Nothin',2:28,148,,
Lost The Breakup,Maisie Peters,The Good Witch,3:10,190,,
You Problem,Cloudy June; emlyn,You Problem,3:02,182,,
golden hour,JVKE,this is what ____ feels like (Vol. 1-4),3:30,210,,
i can't get high,Royal; the Serpent,i can't get high,3:09,189,,
LET IT OFF,Eldritch,LET IT OFF,2:58,178,,
Victoria's Secret,Jax,Victoria’s Secret,2:57,177,,
Shower,Becky G,Shower,3:27,207,,
Freezing,Mimi Webb,Amelia,2:57,177,,
Wendy,Maisie Peters,The Good Witch,3:19,199,,
I Can See You (Taylor’s Version) (From The Vault),Taylor Swift,Speak Now (Taylor's Version),4:34,274,,Version
Worst Day,ILLENIUM; MAX,ILLENIUM,2:48,168,,
vampire,Olivia Rodrigo,GUTS (spilled),3:40,220,,
Every Breath You Take (Acoustic),Jada Facer; Kyson Facer,Every Breath You Take (Acoustic),3:40,220,,Acoustic
I Am Steve,Hey Steve,Steve by Steve,3:26,206,,
Trampoline,SHAED,Trampoline (Sped Up),3:05,185,,
Miss Me the Same (with Anson Seabra) (合作演出：Anson Seabra),Sara Kays,Miss Me The Same (with Anson Seabra),3:37,217,Anson Seabra,
Rockstar,BoyWithUke,Rockstar,3:14,194,,
The Story Of Us (Taylor's Version),Taylor Swift,Speak Now (Taylor's Version),4:28,268,,Version
When I Grow Up,NF,The Search,3:17,197,,
Best Friend (合作演出：NERVO、The Knocks和ALISA UENO),SOFI TUKKER,Best Friend,3:05,185,NERVO、The Knocks和ALISA UENO,
Hard Part's Over,Hoang; Page,Hard Part's Over,3:15,195,,
Graduation (Friends Forever),Vitamin C,Vitamin C,5:41,341,,
Bitter,FLETCHER; Kito,Bitter,3:15,195,,
like my father,Jax,like my father,3:04,184,,
10 Things I Hate About You,Leah Kate,10 Things I Hate About You,2:38,158,,
eighteen,Henry Moodie,eighteen,3:10,190,,
Cinderella Snapped,Jax,Cinderella Snapped,2:54,174,,
Memories,Conan Gray,Superache,4:09,249,,
HAPPY,NF,HOPE,4:03,243,,
2022 DJ抖音版 - 爱拼才会赢 - Ai pia cia e ya - Remix Tiktok Douyin -  Bekerja Keras Baru Bisa Sukses  #DJ抖音版,,Yaki Ling Remix Collection,4:07,247,,Remix
Tokyo Nights,Digital Farm Animals; Shaun Frank; Dragonette,Tokyo Nights,4:04,244,,
LONELY AND F*CKED UP,The Kid LAROI,F*CK LOVE 3+: OVER YOU,2:43,163,,
C'est la vie,Weathers,Pillows & Therapy,3:15,195,,
Don't Let Me Down,Lucas; Steve,Letters To Remember,3:02,182,,
Bullet,Saint Motel,The Original Motion Picture Soundtrack,3:24,204,,
Pmac - One,,SwagyTracks,3:52,232,,
On My Way,BUNT.和Haywood,On My Way,3:17,197,,
They Speak (Ow),Öwnboss; CEVITH,They Speak (Ow),3:00,180,,
MBNN & Rowald Steyn - ilomilo (Billie Eilish),,Sos Music,3:00,180,,
Breathe,ZABO,Breathe,3:20,200,,
untitled,semmmyq; shinra,untitled,3:08,188,,
I Don't Wanna Talk (I Just Wanna Dance),Glass Animals,Dreamland (+ Bonus Levels),3:16,196,,
Cyka Blyat,DJ Blyatman; Russian Village Boys,Cyka Blyat,3:03,183,,
Kira,lonelovee,Kira,1:55,115,,
Live Forever (合作演出：Lexy Panterra和Lil Yachty),Stafford Brothers,Live Forever,3:22,202,Lexy Panterra和Lil Yachty,Live
Fun Fun Fun (合作演出：Raquel Castro),Dimitrix,Si Tu Te Tiras,3:43,223,Raquel Castro,
Our Time Together (合作演出：Marie Elizabeth),Ivan B,Our Time Together,4:21,261,Marie Elizabeth,
Mansion (合作演出：Fleurie),NF,Mansion,5:24,324,Fleurie,
Get Out My Way,NEFFEX,Get Out My Way,3:12,192,,
Blisters,Dylan,The Greatest Thing I’ll Never Learn,3:22,202,,
Never Dated You,Andi,Never Dated You,2:02,122,,
3 Moods,Abe Parker,3 Moods,3:09,189,,
Dj Kantik - Teriyaki Boyz - Tokyo Drift & Sean Paul - Temperature (Remix),,Dj Kantik,3:51,231,& Sean Paul - Temperature (Remix,Remix
Your Love's Like,Sabrina Carpenter,Eyes Wide Open,3:30,210,,
Nutcase22 - Captain (Restricted Remix),,Bounce & Bass,2:57,177,,Remix
SH!TSHOW,NERIAH,SH!TSHOW,3:06,186,,
not my job anymore,Thomas Day,not my job anymore,3:09,189,,
Fired My Therapist,madelline,Fired My Therapist,3:05,185,,
I'M SOLO,SoloCelo,I'M SOLO,3:13,193,,
Ill Mind of Hopsin 8,Hopsin,Ill Mind of Hopsin 8,6:31,391,,
i remember,bbno$,eat ya veggies,3:24,204,,
Cowboys Don’t Cry,Oliver Tree,Cowboy Tears,3:10,190,,
Me + You,Sabai; Rave New World,Me + You,2:52,172,,
Lost,Blake Rose,Lost,3:55,235,,
Without You,John De Sohn; Rasmus Hagen,Without You,3:03,183,,
Boyfriend Of The Year,Bellah Mae,Boyfriend Of The Year,3:06,186,,
Don't Matter,Derik Fein,Don't Matter,3:21,201,,
The DJ is Crying for Help,AJR,The DJ Is Crying For Help,3:40,220,,
Otaku Killers (合作演出：Pinkii),Shiki-Tmns,Otaku Killers,3:15,195,Pinkii,
mr. sunshine,Arden Jones,age tape 8,2:58,178,,
Hold It Down,Noah Kahan,Hold It Down,3:17,197,,
White Room (合作演出：Julia Ross),Ayon,EQUILIBRIUM,3:36,216,Julia Ross,
Take Me,William Black; Matte; RUNN,Take Me,3:12,192,,
Let You Go (合作演出：Ember Island),Illenium,Awake,3:05,185,Ember Island,
Luv Me a Little,ILLENIUM; Nina Nesbitt,Luv Me A Little,3:45,225,,
dream on - aerosmith (sped up),,qwester,3:41,221,,Sped Up
Sabai & Hoang - Million Days (Lyrics) Ayon Remix (合作演出：克萊爾·李奇利),Hoang,SABAI,3:29,209,克萊爾·李奇利,Remix
Closure,Hayd,Changes,3:17,197,,
Lie,NF,Perception,3:30,210,,
because i liked a boy,Sabrina Carpenter,emails i can't send,3:17,197,,
Unmiss You,Clara Mae,Unmiss You,3:11,191,,
Vanic x Zella Day - Hypnotic,,Trap City,4:43,283,,
Clouds,Paper Idol,Clouds,3:05,185,,
If We Have Each Other,Alec Benjamin,If We Have Each Other,3:02,182,,
Jungle (合作演出：Soup和TheDooo),Mome Boys,Mistakes Were Made,3:15,195,Soup和TheDooo,
Understand,BoyWithUke,Serotonin Dreams,2:52,172,,
Freak (合作演出：REI AMI),Sub Urban,Thrill Seeker,3:14,194,REI AMI,
i miss u,Jax Jones; Au; Ra,i miss u,2:53,173,,
bandits rmx,wonder和Yun Head,bandits rmx,3:46,226,,
Married to the Bag,Shotgun Willy,Married to the Bag,2:24,144,,
engravings,Ethan Bortnick,engravings,2:54,174,,
The Search (Edit),NF,The Search (Edit),3:18,198,,Edit
Maniac,Conan Gray,Kid Krow,3:06,186,,
Stereo Hearts (合作演出：Adam Levine),Gym Class Heroes,The Papercut Chronicles II,3:31,211,Adam Levine,
Statement,NEFFEX,Tough,3:07,187,,
Love Language (合作演出：Evelyne Brochu),Connor Price,Love Language,2:51,171,Evelyne Brochu,
Start Again,Connor Price; Chloe Sagum,Start Again,2:33,153,,
Spinnin,Connor Price; Bens,Spinnin,1:51,111,,
"Taurus (From The Motion Picture ""Taurus"") (合作演出：Naomi Wild)",mgk,"Taurus (From The Motion Picture ""Taurus"")",3:01,181,Naomi Wild,
Waiting for the Summer,Deepend; Graham Candy,Waiting for the Summer,2:49,169,,
STAR WALKIN' (League of Legends Worlds Anthem),Lil Nas X,STAR WALKIN' (League of Legends Worlds Anthem),3:31,211,,
Nineteen,Dylan,No Romeo EP,3:39,219,,
No Romeo,Dylan,No Romeo,3:12,192,,
again&again (合作演出：guardin),Against The Current,again&again,3:16,196,guardin,
Men On The Moon,Chelsea Cutler,Men On The Moon,3:41,221,,
John Hughes Movie,Maisie Peters,You Signed Up For This,3:37,217,,
Good Enough,Maisie Peters,Good Enough,3:42,222,,
Glowing Review,Maisie Peters,Trying: Season 2 (Apple TV+ Original Series Soundtrack),2:57,177,,
2 Die 4,Tove Lo,Dirt Femme,3:06,186,,
You Signed Up For This,Maisie Peters,You Signed Up For This,3:16,196,,
Joel Adams - Please Don't Go (Tschax Remix),,MrRevillz,3:51,231,,Remix
overwhelmed (Chri$tian Gate$ remix),Royal; the Serpent,overwhelmed (the remixes),2:15,135,,Remix
Still Beat,Mome Boys,Mistakes Were Made,3:12,192,,
Not Another Rockstar,Maisie Peters,Not Another Rockstar,2:30,150,,
Real,Tritonal; Evalyn,Real,3:23,203,,
Temporary,Alexa Cappelli,Temporary,2:56,176,,
We Were Here,Lights,Skin & Earth,3:50,230,,
Tripping Over Air,Aidan Bissett,Tripping Over Air,3:03,183,,
People You Know,Selena Gomez,Rare,3:15,195,,
I'm Not Dead Yet,好人卡男孩麥克波斯納,I'm Not Dead Yet,2:59,179,,
Akon - Bananza (Belly Dancer) [Divolly & Markward Remix],,House Nation,2:47,167,,Remix
bag or die,bbno$,bag or die,1:59,119,,
Slide,Zye Ca$h,Slide,3:08,188,,
Question...?,Taylor Swift,Midnights (3am Edition),3:31,211,,
"You're On Your Own, Kid",Taylor Swift,Midnights (3am Edition),3:15,195,,
Snow On The Beach (合作演出：Lana Del Rey),Taylor Swift,Midnights (3am Edition),4:17,257,Lana Del Rey,
Anti-Hero,Taylor Swift,Midnights (3am Edition),3:21,201,,
Come & Go,棉花糖,朱斯·沃爾德,3:32,212,,
C’est La Vie,Yung Gravy; bbno$; Rich Brian,C'est La Vie,2:41,161,,
Die For You (Dabin Remix),VALORANT; Grabbitz; Dabin,Die For You (Dabin Remix),2:59,179,,Remix
edamame (合作演出：Rich Brian),bbno$,eat ya veggies,2:14,134,Rich Brian,
I Really Want to Stay at Your House,Rosa Walton; Hallie Coggins,"Cyberpunk 2077: Radio, Vol. 2 (Original Soundtrack)",4:07,247,,
Hearts on Fire (Timmy Trumpet Remix),ILLENIUM; Dabin; Lights,Hearts on Fire (Timmy Trumpet Remix),3:31,211,,Remix
We’re The Same‬‬ (Jake & Kellini Remix),Vigiland; Alexander Tidebrink,We’re The Same‬‬ (Jake & Kellini Remix),3:37,217,,Remix
Can't Help Falling In Love,Hearts; Colors,Can't Help Falling In Love,2:21,141,,
One Life,Ed Sheeran,= (Tour Edition),3:52,232,,
Devil (合作演出：Busta Rhymes、B.o.B和Neon Hitch),Cash Cash,"Blood, Sweat & 3 Years",3:31,211,Busta Rhymes、B.o.B和Neon Hitch,
Ghost Assassin,Maduk; Veela,Ghost Assassin EP,3:42,222,,
Majesty feat. Wasiu (合作演出：Wasiu),Apashe,Requiem,4:28,268,Wasiu (合作演出：Wasiu,
Thin Line (合作演出：Buffalo Madonna),麥可莫,The Heist (Deluxe Edition),4:17,257,Buffalo Madonna,
"You Need Me, I Don't Need You",Ed Sheeran,+,3:41,221,,
La La Land (合作演出：YG),Bryce Vine,La La Land,2:58,178,YG,
Strip That Down (合作演出：Quavo),Liam Payne,LP1,3:23,203,Quavo,
Cake By The Ocean,DNCE,DNCE,3:40,220,,
I'm Not The Only One,Sam Smith,In The Lonely Hour,4:00,240,,
Runaway,R3HAB; Sigala; JP Cooper,Runaway,2:49,169,,
Nights Like That (合作演出：Georgia Ku),BUNT.,Nights Like That,3:13,193,Georgia Ku,
Viva La Vida,Coldplay,Viva La Vida (Prospekt's March Edition),4:02,242,,
Little Talks,Of Monsters and Men,My Head Is An Animal,4:27,267,,
Liability,Lorde,Melodrama,2:52,172,,
Save Myself,Ashe,Ashlyn,3:43,223,,
Another Life (合作演出：Alida),Lucas; Steve,Letters To Remember,3:33,213,Alida,
Tear Me Down (合作演出：Philip Rustad),Davai,Tear Me Down,3:05,185,Philip Rustad,
When We Were Still Young,Klaas,When We Were Still Young,3:01,181,,
By Your Side (合作演出：RAYE),Jonas Blue,By Your Side,3:22,202,RAYE,
No Promises (合作演出：Demi Lovato),Cheat Codes; Demi Lovato,No Promises,3:44,224,Demi Lovato,
Skyline,MÖWE,Skyline,2:44,164,,
Freedom,Kygo; Zak Abel,Golden Hour,3:19,199,,
Lordly [MDZN Remix] (合作演出：Alex Aiono),Feder,Lordly [Remix EP],4:38,278,Alex Aiono,Remix
Little Swing,AronChupa; Little Sis Nora,Little Swing,2:44,164,,
Young Hearts,BUNT.; BEGINNERS,Young Hearts,3:17,197,,
Sweater Weather,Max Schneider Alyson Stoner Max Schneider Alyson Stoner,Kurt Hugo Schneider 2014,3:49,229,,
Say It Right,Sunlike Brothers; Micano,Say It Right,2:46,166,,
"Everyday, Everyday (合作演出：Nevve)",Manila Killa,"Everyday, Everyday",3:40,220,Nevve,
What's Up?,LIZOT; waybackwhen,What's Up?,2:49,169,,
Feel Good Inc,Lucifer; PØP CULTUR; HÄWK,FeelGood Inc,2:58,178,,
Big City Life,Luude; Mattafix,Big City Life,2:27,147,,
Drew Barrymore,Bryce Vine,Drew Barrymore,3:12,192,,
Hall of Fame (合作演出：will.i.am),手創樂團,Hall of Fame,3:22,202,will.i.am,
Somebody Told Me,The Killers,Hot Fuss,3:18,198,,
All That Glitters,Earl,Tongue Tied,3:18,198,,
HARD-STYLE ♦ Sweater Weather (Jomarijan  Remix),,Psyadvance Music,3:25,205,,Remix
Freeze,Kygo,Freeze,8:08,488,,
HBz - Not Fair (Bounce Mix),,Bounce United,4:07,247,,
"Tag, You're It",Melanie Martinez,Cry Baby,3:10,190,,
Bury Me Low,8 Graves,Black,3:38,218,,
Ghost Town,Layto; Neoni,Ghost Town,3:14,194,,
House of Memories,Panic! At The Disco,Death of a Bachelor,3:29,209,,
Weak,AJR,The Click (Deluxe Edition),3:22,202,,
Me agobia (con Lean),Christian Villanueva,Me agobia,2:39,159,,
HAPPIER IN HELL,Royal; the Serpent,Happier in Hell,2:54,174,,
07 Britney,Chelsea Collins,07 Britney,3:03,183,,
It's Time,Imagine Dragons,It’s Time,4:01,241,,
If You Could See Me Now,手創樂團,#3,3:40,220,,
Downtown (合作演出：埃里克·納利、Grandmaster Caz、柯莫迪和梅勒·梅爾),麥可莫,This Unruly Mess I've Made,4:53,293,埃里克·納利、Grandmaster Caz、柯莫迪和梅勒·梅爾,
Good Vibes Tan Lines,Thomas Frinking和Rochelle Diamante,Up 3,2:51,171,,
Someone Like You,Klaas,Someone Like You,2:56,176,,
Bleeding Love,VAMERO; LIZOT,Bleeding Love,2:49,169,,
Summer Air,ItaloBrothers,Summer Air,3:04,184,,
Chlorine,twenty one pilots,Trench,5:25,325,,
Radiohead - Creep (Gamper & Dadoni feat. Ember Island Remix),,電台司令,2:56,176,Ember Island Remix,Remix
drinking games,Silver Sphere,drinking games,3:21,201,,
Brave,Ella Henderson,Everything I Didn’t Say,3:22,202,,
Do Or Die (合作演出：Tina Stachowiak),Axel Johansson,Do Or Die,3:25,205,Tina Stachowiak,
First Time,Kygo; Ellie Goulding,First Time,3:14,194,,
No Type,Rae Sremmurd,SremmLife,3:21,201,,
West Coast,OneRepublic,West Coast,3:13,193,,
Umbrella (合作演出：Ember Island),Hard Lights; Moonshine; Marnik,Umbrella,3:01,181,Ember Island,
Oldest,Brooke Alexx,"I'm Sorry, Tokyo",3:08,188,,
Sun Still Rises,Regina Price,Sun Still Rises,3:06,186,,
Paper Planes,M.I.A.,Kala,3:26,206,,
Fashion Killa (Papapapa) (合作演出：斯特伏龍·唐),梅森,Fashion Killa (Papapapa),2:29,149,斯特伏龍·唐,
Therapy,Anne-Marie,Therapy,2:46,166,,
drunk text me,Lexi Jayde,drunk text me,3:34,214,,
Sing It With Me,JP Cooper; Astrid S,Sing It With Me (Acoustics),3:22,202,,
Don't Break the Heart,Tom Grennan,Don't Break the Heart,3:50,230,,
Love Of Your Life,RAYE,Love Of Your Life,3:17,197,,
she's all i wanna be,Tate McRae,she's all i wanna be,3:27,207,,
Flashbang dance (合作演出：n0thing),The Verkkars,Flashbang dance,2:40,160,n0thing,
ur just horny,GAYLE,ur just horny,2:59,179,,
She Wants Me Dead (合作演出：The High),Cazzette; AronChupa,She Wants Me Dead,3:24,204,The High,
abc (The Wild Remix) (合作演出：GAYLE),The Wild,abc (The Wild Remix),3:03,183,GAYLE,Remix
Take You Down,ILLENIUM,Take You Down,3:42,222,,
Someday,OneRepublic,Human (Deluxe),3:08,188,,
Good Together (Acoustic),shy martin,Good Together (Acoustic),3:28,208,,Acoustic
MONEY,LISA,LALISA,2:49,169,,
No One Can Fix Me,Frawley,No One Can Fix Me,3:27,207,,
LA On A Saturday Night (Hazers Remix),Hearts; Colors,LA On A Saturday Night (Remixes),3:07,187,,Remix
A$AP Ferg ft. Nicki Minaj - Plain Jane (KEAN DYSSO Remix) (Bass Boosted),,CAR BASS MUSIC,3:08,188,Nicki Minaj - Plain Jane (KEAN DYSSO Remix,Remix
Billie Eilish - Therefore I Am (UNDREAM Remix),,Trap Nation,3:13,193,,Remix
Love Is Gone (Tiësto Remix) (合作演出：Dylan Matthew),Slander; Tiësto,Love Is Gone (Tiësto Remix),2:50,170,Dylan Matthew,Remix
Thunder,Gabry Ponte; LUM!X; Prezioso,Thunder,2:40,160,,
abcdefu (合作演出：Royal),GAYLE,abcdefu,2:50,170,Royal,
"1 step forward, 3 steps back",Olivia Rodrigo,SOUR,2:44,164,,
Wouldn’t Change A Thing,ILLENIUM; Thirty Seconds To Mars,Wouldn’t Change A Thing,3:07,187,,
Hate You,Jim Yosef; Riell,Hate You,3:18,198,,
American Dream,Mia Vaile,American Dream,3:38,218,,
Hold Me,KEAN DYSSO,Hold Me,3:06,186,,
Unbelievable,Why Don't We,Unbelievable,3:10,190,,
Addict,NEFFEX,Addict,3:17,197,,
Hiding In The Blue,TheFatRat; RIELL,Hiding In The Blue,3:42,222,,
Habit,Laurell,Habit,3:01,181,,
I Knew You Were Trouble (Taylor's Version),Taylor Swift,Red (Taylor's Version),3:40,220,,Version
Bodytalk (STFU),Blasterjaxx; Raven; Kreyn,Bodytalk (STFU),2:26,146,,
Young And Beautiful (DH Orchestral Version),Lana Del Rey,Music From Baz Luhrmann's Film The Great Gatsby (Deluxe Edition),3:52,232,,Version
Bad Things,mgk; Camila Cabello,bloom (Deluxe),4:00,240,,
Vogue,Mia Vaile,Wallflower EP,3:06,186,,
Diamonds,Talia Mar,Diamonds,3:37,217,,
Demons,Imagine Dragons,Night Visions (Deluxe),2:56,176,,
Better Not Together,Anne-Marie,Therapy,3:09,189,,
Bad Habits,Ed Sheeran,Bad Habits,3:51,231,,
Castaway,LU2VYK; River,Castaway,3:47,227,,
Take Me Back to London (合作演出：Stormzy),Ed Sheeran,No.6 Collaborations Project,3:10,190,Stormzy,
Psycho,Maisie Peters,Psycho,3:05,185,,
Don't,Ed Sheeran,x (Deluxe Edition),3:40,220,,
Rude (Zedd Remix),MAGIC!,Rude (Zedd Remix),4:34,274,,Remix
Gone Are The Days (合作演出：James Gillespie),Kygo,Gone Are The Days,3:17,197,James Gillespie,
Whispering Still (Little Rose Remix) (合作演出：Charity Children),SRTW,Whispering Still (Little Rose Remix),3:15,195,Charity Children,Remix
Happier Than Ever,Billie Eilish,Happier Than Ever,4:59,299,,
Praying To A God (LUKE Remix),Mr. Probz,Praying To A God (Remixes),3:15,195,,Remix
High Enough,K.Flay,Every Where Is Some Where (Deluxe Version),3:52,232,,
Reckless,Madison Beer,Reckless,3:24,204,,
Hot N Cold,Katy Perry,One Of The Boys,3:41,221,,
Someday,Kygo; Zac Brown,Golden Hour,3:44,224,,
Drew Barrymore,Lu2vyk,Drew Barrymore,3:26,206,,
Drive (合作演出：Luma),BH,Drive,3:26,206,Luma,
All For You,The Waked; Hanna Löwenborg,All For You,3:28,208,,
Bring Me Back (合作演出：Claire Ridgely),Miles Away,Bring Me Back,3:39,219,Claire Ridgely,
Hearts on Fire (合作演出：Lights),ILLENIUM; Dabin,Hearts on Fire,3:57,237,Lights,
Waiting (合作演出：Daisy Guttridge),Vicetone,Waiting,3:26,206,Daisy Guttridge,
Down For The Ride,ItaloBrothers,Down For The Ride,2:41,161,,
No Way,JRL,No Way,3:08,188,,
Monody (BIMONTE Remix) (合作演出：Laura Brehm),TheFatRat,Classics Remixed,4:29,269,Laura Brehm,Remix
Love Again (合作演出：Alida),Alok,Love Again,2:28,148,Alida,
Nathan Evans - Wellerman (Phav & Deliriouz Hardstyle Bootleg) | HQ Videoclip,,HardstyleUp2Datez [HU2Dz],2:56,176,,
Train - Hey Sole Sister (Ryan Hunter KickNBass Bootleg),,The Melbourne Bounce,3:10,190,,
Sweet Liar,Mia Vaile,Outsider,3:49,229,,
All Your Exes,Julia Michaels,Not In Chronological Order,3:30,210,,
Rampampam,Minelli,Rampampam,3:21,201,,
Lea Land,Alfons,Lea Land,3:14,194,,
Faded Love,Leony,Faded Love,2:29,149,,
Beautiful Mistakes,Maroon 5; Megan Thee Stallion,JORDI (Deluxe),3:48,228,,
PSYCHO,AViVA,PSYCHO,3:35,215,,
I'm Not A Saint,Billy Raffoul,1975,3:16,196,,
The Woodchuck Song,AronChupa; Little Sis Nora,The Woodchuck Song,2:35,155,,
Dancing In My Sleep,Torine,Dancing In My Sleep,3:21,201,,
Money,Mia Vaile,Wallflower EP,3:26,206,,
The Way I Loved You (Taylor’s Version),Taylor Swift,Fearless (Taylor's Version),4:04,244,,Version
You’re Not Sorry (Taylor’s Version),Taylor Swift,Fearless (Taylor's Version),4:22,262,,Version
White Horse (Taylor’s Version),Taylor Swift,Fearless (Taylor's Version),3:55,235,,Version
21,Gracie Abrams,minor,3:06,186,,
My Way,Harris; Ford; Mike Candys,My Way,3:03,183,,
One Million,Tujamo; LOTTEN,One Million,3:08,188,,
Twinkle Twinkle,Holy Molly,Twinkle Twinkle,3:10,190,,
Don't Forget (Blaikz Remix),LIZOT; Nevve,Don't Forget (Blaikz Remix),2:36,156,,Remix
Does She Know,Astrid S,Party's Over,3:43,223,,
Dive (合作演出：Chris James),Hot Shade; Mike Perry,Dive,2:45,165,Chris James,
Fading,Alle Farben; ILIRA,Fading,3:28,208,,
cheers,blackbear,cheers,3:22,202,,
One Day [Club Mix] (合作演出：ROZES),Sam Feldt; Yves V,Birthday Club Mixes,2:36,156,ROZES,
Creep,R3HAB; GATTÜSO,Creep,2:42,162,,
mind games,renforshort,mind games,3:42,222,,
Fight Fire With Fire,Ran-D; LePrince,Fight Fire With Fire,3:56,236,,
Dreamers Of The Universe (合作演出：Mark Vayne和Diesel),Ran-D,Dreamers Of The Universe,4:22,262,Mark Vayne和Diesel,
How Far I'll Go,Da Tweekaz,How Far I'll Go,4:21,261,,
Hurricane,Ran-D,Hurricane,4:56,296,,
Run From Reality,Ran-D; Endymion; LePrince,Reverze 2020 Power Of Perception,4:02,242,,
Moskau,Da Tweekaz; Harris; Ford,Moskau,3:36,216,,
Own the World,KYANU,Own the World,3:01,181,,
Nothing Stopping Me,Vicetone,Nothing Stopping Me,3:44,224,,
Secrets,RYYZN,Secrets,2:43,163,,
Better When You're Gone,大衛·庫塔; 布魯克斯; Loote,Better When You're Gone,3:13,193,,
Heart Made of Stone,The Tech Thieves,The Red EP,2:39,159,,
Heaven,SJ; Katelyn Tarver,Heaven,2:31,151,,
EGO,Gia Woods,EGO,3:11,191,,
Photograph (Felix Jaehn Remix),Ed Sheeran,Photograph (Felix Jaehn Remix),3:23,203,,Remix
Better Than This,Mike Perry; David Rasmussen,Better Than This,3:28,208,,
Runaways (合作演出：Teemu),Sam Feldt; Deepend,Runaways,3:01,181,Teemu,
Friendzone,G.O.A.T,Friendzone,3:49,229,,
GRRRLS,AViVA,GRRRLS,3:49,229,,
"Just Like Fire (From the Original Motion Picture ""Alice Through The Looking Glass"")",紅粉佳人,"Just Like Fire (From the Original Motion Picture ""Alice Through The Looking Glass"")",3:36,216,,
This Girl (Kungs Vs. Cookin' On 3 Burners),Kungs; Cookin' On 3 Burners,Layers,3:16,196,,
r u ok,Tate McRae,r u ok,3:06,186,,
Skin,Sabrina Carpenter,Skin,2:58,178,,
Let It Be Me (合作演出：Ava Max),David Guetta,7,2:53,173,Ava Max,
drivers license,Olivia Rodrigo,SOUR,4:03,243,,
The Hum,Briz DJ,The Rhythm,4:11,251,,
"Let Me Move You (From the Netflix film ""Work It"")",Sabrina Carpenter,Let Me Move You (From the Netflix film Work It),2:28,148,,
Ghost (Lost Kings Remix),Halsey,Room 93 (The Remixes),3:10,190,,Remix
Trouble (Sander Kleinenberg Remix),Halsey,Room 93 (The Remixes),3:06,186,,Remix
Addicted To A Memory (合作演出：Bahari),Zedd,True Colors,5:04,304,Bahari,
Nevada (合作演出：Cozi Zuehlsdorff),Vicetone,Nevada,3:29,209,Cozi Zuehlsdorff,
Hurricane (Arty Remix),Halsey,Room 93 (The Remixes),3:45,225,,Remix
Walk Thru Fire,Vicetone,Walk Thru Fire,3:15,195,,
Sexy And I Know It,LMFAO,Sorry For Party Rocking,3:20,200,,
The Spook,KSHMR; BassKillers; B3nte,The Spook,2:46,166,,
One Life,Mike Perry,One Life,3:25,205,,
Keep You Mine,NOTD; Shy Martin,Keep You Mine,2:55,175,,
I Forgive You,凱莉克萊森,堅定不移,3:05,185,,
Should've Said No (Live From Clear Channel Stripped 2008),Taylor Swift,Live From Clear Channel Stripped 2008,3:49,229,,Live
Your Song,RITA ORA,Phoenix (Deluxe),3:01,181,,
Blow Your Mind (Mwah),Dua Lipa,Dua Lipa (Deluxe),2:59,179,,
Drenched,曲婉婷,Everything In The World,3:59,239,,
Outside (合作演出：Ellie Goulding),凱文哈里斯,Motion,3:48,228,Ellie Goulding,
Wait For You (合作演出：Maia Wright),Mike Williams,Wait For You,2:53,173,Maia Wright,
fools (can't help falling in love),Foster; Sody; Sarcastic Sounds,fools (can't help falling in love),2:46,166,,
"i hate u, i love u (合作演出：Olivia O'brien)",gnash,us,4:12,252,Olivia O'brien,
do re mi,blackbear,Summer Summer Summer,3:31,211,,
Panic Room,Au; Ra,Panic Room,3:58,238,,
Gasoline,Halsey,BADLANDS (Deluxe),3:20,200,,
HUMBLE.,Kendrick Lamar,DAMN.,2:57,177,,
DICTATOR,REI AMI,DICTATOR,3:02,182,,
Colors (Audien Remix),Halsey,Complementary Colors,4:31,271,,Remix
she's all yours,Loote,lost,2:42,162,,
tomorrow tonight,Loote,lost,3:23,203,,
Dreaming Alone (Acoustic),Against The Current,Gravity (The Acoustic Sessions Volume II),3:03,183,,Acoustic
Drugs (合作演出：Two Feet),UPSAHL,Drugs,2:36,156,Two Feet,
"Sit Still, Look Pretty",Daya,"Sit Still, Look Pretty",3:28,208,,
Closer (合作演出：Halsey),The Chainsmokers,Collage,4:06,246,Halsey,
death bed (coffee for your head),Powfu; beabadoobee,poems of the past,2:54,174,,
Knees,Bebe Rexha,Expectations,3:27,207,,
Another Life [twocolors Remix] (合作演出：Alida),Lucas; Steve,Another Life (twocolors Remix),3:16,196,Alida,Remix
2 Phút Hơn (KAIZ Remix),Pháo,2 Phút Hơn (KAIZ Remix),3:04,184,,Remix
Careless,Neffex,Careless,4:57,297,,
Swipe,Showtek,Armada Miami 2017 (The Club Edition),3:53,233,,
Control,Zoe Wees,Control,3:51,231,,
This Is The Life,LittleKings; Kalkovich; Zoë Low,This Is The Life,3:12,192,,
I Took A Pill In Ibiza (Seeb Remix),Mike Posner,"At Night, Alone. (Expanded Edition)",3:18,198,,Remix
All The Things She Said,Poppy,All The Things She Said,3:42,222,,
Dance: ‘Til You Love Someone Else,Sam Smith,Love Goes,3:46,226,,
Commander In Chief,Demi Lovato,Commander In Chief,3:15,195,,
Moral of the Story,Ashe,Moral of the Story: Chapter 1,3:22,202,,
Run Back to You,Hoang,Run Back to You,3:15,195,,
People I Don't Like,UPSAHL,People I Don't Like,2:23,143,,
Man's World,MARINA,Man's World,3:28,208,,
We'll Meet Again,TheFatRat; Laura Brehm,We'll Meet Again,3:16,196,,
Hush (合作演出：Reikko),Yellow Claw; Weird Genius,Hush,3:48,228,Reikko,
Hypnotized (Acoustic),Purple Disco Machine; Sophie and the Giants,Hypnotized (Acoustic),3:32,212,,Acoustic
Take You To Hell,Ava Max,Heaven & Hell,2:45,165,,
Let's Love,大衛·庫塔; Sia,Let's Love,3:21,201,,
Lonely,小賈斯汀; 班尼·布蘭科,Lonely,2:30,150,,
Therefore I Am,Billie Eilish,Therefore I Am,2:55,175,,
Blinding Lights (Remix),The Weeknd; ROSALÍA,Blinding Lights (Remix),3:37,217,,Remix
Money (James Mercy Remix),Mia Vaile,Wallflower EP (Remixes),3:00,180,,Remix
Ellie Goulding - Lights (Nitti Gritti Remix),,Trap Nation,3:20,200,,Remix
Cool Kids,Echosmith,Talking Dreams (Deluxe Edition),3:58,238,,
Don't Stop The Music,Rihanna,Good Girl Gone Bad: Reloaded,4:28,268,,
Matter To You,薩莎·斯隆,Only Child,3:38,218,,
TiK ToK (合作演出：Liinii),Olympis; Helion,TiK ToK,2:27,147,Liinii,
Broken Glass,Kygo; Kim Petras,Golden Hour,3:24,204,,
No Time To Die,Billie Eilish,No Time To Die,4:03,243,,
Rave Teacher (Somebody Like Me),Scooter; Xillions,Rave Teacher (Somebody Like Me),3:16,196,,
Don't Leave Me Now (Extended Mix),Lost Frequencies; Mathieu Koss,Cup of Beats,4:07,247,,
Sideways,Forest Blakk,Sideways,2:59,179,,
Hymn for the Weekend,Coldplay,A Head Full of Dreams,4:19,259,,
Dolly Song (Devil's Cup),VIZE; Leony,Dolly Song (Devil's Cup),2:38,158,,
Butterfly,Marnik; Hard Lights,Butterfly,2:51,171,,
Crush (合作演出：Michelle Hord),Jerome; Eric Chase,Crush,3:20,200,Michelle Hord,
In Too Deep (Firelite Remix) (合作演出：Mylki),Fresh Til’ Death,In Too Deep (Firelite Remix),2:59,179,Mylki,Remix
A Thousand Ways,Phoebe Ryan,A Thousand Ways,4:01,241,,
Mamma Mia (合作演出：Amber Van Day),HUGEL,Mamma Mia,2:03,123,Amber Van Day,
champagne problems,Taylor Swift,evermore,4:04,244,,
I'm Gonna Show You Crazy,Bebe Rexha,I Don't Wanna Grow Up,3:28,208,,
Herzlos,Mila,Herzlos,3:14,194,,
Tie Me Down,Gryffin; Elley Duhé,Tie Me Down,3:39,219,,
Carol of the Bells,Halocene,Carol of the Bells,3:11,191,,
Hope (合作演出：Winona Oak),The Chainsmokers,Sick Boy,3:01,181,Winona Oak,
Great Spirit (Extended Mix),Armin van Buuren; Vini Vici; Hilight Tribe,Great Spirit,7:38,458,,
Blame (合作演出：John Newman),凱文哈里斯,Motion,3:33,213,John Newman,
Far Away From Home (合作演出：Leony),山姆·費爾特; VIZE,Far Away From Home,2:44,164,Leony,
Video Games,Lana Del Rey,Born To Die - The Paradise Edition,4:42,282,,
Carnival (Dimitri Vegas & Like Mike Edit) (合作演出：X-Tof),Timmy Trumpet; MATTN; Wolfpack,Carnival (Dimitri Vegas & Like Mike Edit),2:59,179,X-Tof,Edit
The Best Days (合作演出：Tabitha),Sam Feldt; Karma Child,The Best Days,2:42,162,Tabitha,
You & Me (Le Shuuk vs. Jerome),Le Shuuk; 傑羅姆,You & Me (Le Shuuk vs. Jerome),3:11,191,,
Land of Opportunity,A Great Big World,Is There Anybody Out There?,3:26,206,,
Wasting Our Lives (WLTP) (Extended Mix) (合作演出：Tryna),Showtek,Wasting Our Lives (WLTP),4:42,282,Tryna,
Oracle,Timmy Trumpet,Oracle,3:01,181,,
Get Ready Now (Extended Mix),VINAI,Get Ready Now,3:53,233,,
Only Go Higher,Jerome,Only Go Higher,2:22,142,,
Setting Fires (Blasterjaxx Remix),The Chainsmokers; XYLØ,Setting Fires (Remixes),3:33,213,,Remix
I Hope,Gabby Barrett,Goldmine,3:31,211,,
Call on Me (Ryan Riback Remix),Starley,Call on Me (Ryan Riback Remix),3:43,223,,Remix
New York City (Dash Berlin Remix),The Chainsmokers,New York City (Dash Berlin Remix),3:13,193,,Remix
Scream & Shout (合作演出：Britney Spears),will.i.am,Scream & Shout,4:45,285,Britney Spears,
Friends,Why Don't We,8 Letters,3:35,215,,
Candlelight,LIZOT,Candlelight,2:31,151,,
Do Bad Well (合作演出：Nevve),KSHMR,Do Bad Well,3:25,205,Nevve,
I Will Let You Down (合作演出：KLARA),Madison Mars,I Will Let You Down,3:02,182,KLARA,
Seesaw,Ummet Ozcan,Seesaw,2:58,178,,
Drown (Nicky Romero Remix) (合作演出：Clinton Kane),Martin Garrix; Clinton Kane; Nicky Romero,Drown (feat. Clinton Kane) (Nicky Romero Remix),3:08,188,Clinton Kane,Remix
are you sure?,Loote,lost,3:25,205,,
Born To Die,Lana Del Rey,Born To Die,4:47,287,,
STUCK IN 2020 | A Year-End Megamix (Mashup of 100+ Songs) // by Adamusic,,Adamusic,10:47,647,,
Champions,Kurt Hugo Schneider; Andie Case,Kurt Hugo Schneider 2020-2,3:19,199,,
Favorite Part Of Me (R3HAB Remix),Astrid S,Favorite Part Of Me (R3HAB Remix),2:52,172,,Remix
Lasting Lover (Tiësto Remix),Sigala; James Arthur; 提雅斯多,Lasting Lover (Tiësto Remix),3:33,213,,Remix
Trap (Rompasso Remix),SAINt JHN; Rompasso,Trap (Rompasso Remix),2:49,169,,Remix
Selfish (Alan Walker Remix),Madison Beer,Selfish (Alan Walker Remix),3:34,214,,Remix
Super Bass,Nicki Minaj,Pink Friday (Complete Edition),3:21,201,,
Stronger (What Doesn't Kill You),凱莉克萊森,堅定不移,3:42,222,,
Never Worn White,Katy Perry,Never Worn White,3:46,226,,
Toxic,2WEI,Sequels,3:58,238,,
Nevada,Vicetone; Cozi Zuehlsdorff,Nevada,3:29,209,,
Freaks,Timmy Trumpet,Freaks,4:35,275,,
Young God,Halsey,BADLANDS,3:01,181,,
Rave Love (Extended Mix) (合作演出：SONJA),W; AXMO,Rave Love,4:10,250,SONJA,
7 Years,Lukas Graham,Lukas Graham,3:58,238,,
Me And My Broken Heart,Rixton,Let The Road,3:14,194,,
Don't Leave Me Now,Lost Frequencies; Mathieu Koss,Cup of Beats,3:16,196,,
Left & Right,Malou Prytz,Left & Right,2:50,170,& Right,
Letters,Lucas; Steve,Letters,3:11,191,,
Gimme! Gimme! Gimme!,Gamper; Dadoni,Gimme! Gimme! Gimme!,3:08,188,,
911,R3HAB; Timmy Trumpet,911,2:09,129,,
(If) the Book Doesn't Sell,Ritt Momney,Her and All of My Friends,4:49,289,,
Beautiful Mayhem,DeathbyRomy,Beautiful Mayhem,3:10,190,,
Юность,Dabro,Юность,3:40,220,,
Tuesday (合作演出：Danelle Sandoval),伯克·耶特,Tuesday,4:02,242,Danelle Sandoval,
Oxygen,Winona Oak; Robin Schulz,Oxygen,3:13,193,,
"Relax, Take It Easy",MIKA,Life In Cartoon Motion,4:30,270,,
Can't Hold Us (合作演出：Ray Dalton),麥可莫,The Heist (Deluxe Edition),4:19,259,Ray Dalton,
Trust Fund Baby,Why Don't We,Trust Fund Baby,3:05,185,,
Toothbrush,DNCE,DNCE,3:52,232,,
Maybe Don't (合作演出：JP Saxe),Maisie Peters,Maybe Don't,2:55,175,JP Saxe,
We're Just Kids,Call Me Karizma,We're Just Kids,3:10,190,,
Problems,DeathbyRomy,Problems,3:09,189,,
Knockout (Da Tweekaz Remix),Tungevaag,Knockout (Da Tweekaz Remix),2:43,163,,Remix
Hot Stuff,Kygo; 唐娜桑瑪,Hot Stuff,3:20,200,,
Wait Another Day,Mike Williams; Mesto,Ibiza Closing Party Anthems 2019 (Presented by Spinnin' Records),3:00,180,,
Aurora,K-391; RØRY,Aurora,2:45,165,,
KSHMR Live DJ Set - Free Fire Booyah Day Theme Song Celebration,,Spinnin' Records,29:54,1794,,Live
Runaway (U & I),Galantis,Pharmacy,3:48,228,,
Nights With You,MØ,Nights With You,3:18,198,,
Meet Me,Mickey Valen; Noé,Meet Me,3:14,194,,
Lean On (CRNKN Remix) (合作演出：DJ Snake和MØ),Major Lazer,Lean On (Remixes),3:24,204,DJ Snake和MØ,Remix
Bad Girls,M.I.A.,Matangi,3:48,228,,
a thousand years,Christina Perri,a thousand years,4:46,286,,
The One That Got Away,Katy Perry,Teenage Dream,3:48,228,,
Haunted,Taylor Swift,Speak Now,4:03,243,,
Until You Were Gone (Reez Remix) (合作演出：Emily Warren),The Chainsmokers; Tritonal,Until You Were Gone (Remixes),3:37,217,Emily Warren,Remix
Parade,VINAI,Parade,2:42,162,,
Better Than Revenge,Taylor Swift,Speak Now,3:38,218,,
That's What I Call Crazy,Lucy Hale,Road Between (Deluxe Edition),3:26,206,,
Eu Só Queria Te Amar (Corre),Lais Yasmin,Laís,4:27,267,,
Long Live,Taylor Swift,Speak Now,5:18,318,,Live
Memories [Radio Edit] (合作演出：Sirah),KSHMR; Bassjackers,Memories,3:06,186,Sirah,Edit
Mean It,Gracie Abrams,Mean It,2:52,172,,
Jupiter,Jerome,Jupiter,2:28,148,,
Instagram,Dimitri Vegas; Like Mike; David Guetta; 洋基老爹; Afro Bros,Instagram,3:05,185,,
Heart Shaped Box,Neovaii,Closure,4:51,291,,
Little Do You Know,Campsite Dream,Little Do You Know,2:49,169,,
Drink About (MOTi Remix),SeeB; Dagny; MOTi,Drink About (MOTi Remix),2:50,170,,Remix
I Don't Wanna Live Forever (合作演出：Kayla Diamond),Kiso,I Don't Wanna Live Forever,3:12,192,Kayla Diamond,Live
Quarantine,Mat Best; Tim Montana,Quarantine,3:22,202,,
Scare Me (合作演出：Karra),LUM!X; KSHMR; Gabry Ponte,Scare Me,2:23,143,Karra,
Shameless (合作演出：Stef Classens),Nils van Zandt,Shameless,2:34,154,Stef Classens,
Mad at Disney,salem ilese,Mad at Disney,2:17,137,,
Pretty Little Mind,Gabi DeMartino,Pretty Little Mind,3:00,180,,
One More Round (Free Fire Booyah Day Theme Song),KSHMR; Jeremy Oceans,One More Round (Free Fire Booyah Day Theme Song),3:22,202,,
Just A Dream,Kurt Hugo Schneider; Christina Grimmie; Sam Tsui,Just A Dream,4:24,264,,
英雄联盟S10应援曲 (Champions版),Kurt Hugo Schneider,英雄联盟S10应援曲 (Champions版),3:20,200,,
Nights with You (Mixed),MØ,Walshy Fire Presents: MMMMØ - The Mix,1:21,81,,
Final Song,MØ,Final Song,3:56,236,,
Summertime Sadness [Lana Del Rey vs. Cedric Gervais] (Cedric Gervais Extended Remix),Lana Del Rey; Cedric Gervais,VIP DJ,6:53,413,,Remix
Don't Say (合作演出：Emily Warren),The Chainsmokers,Memories...Do Not Open,3:49,229,Emily Warren,
See The Way (合作演出：Sabrina Claudio),The Chainsmokers,World War Joy,2:58,178,Sabrina Claudio,
#SELFIE,The Chainsmokers,#SELFIE,3:04,184,,
Mr. Brightside,Don Diablo,Mr. Brightside,3:47,227,,
Not Ok,Kygo; Chelsea Cutler,Not Ok,3:31,211,,
Castle,Halsey,BADLANDS,4:38,278,,
Warriors,League of Legends; 2WEI; Edda Hayes,Warriors,3:25,205,,
Legends Never Die,League of Legends; Against The Current,Legends Never Die,3:55,235,,
Centuries,Fall Out Boy,American Beauty/American Psycho,3:49,229,,
Just Hold On,Steve Aoki; Louis Tomlinson,Neon Future III,3:19,199,,
Flashlight,R3HAB; Deorro,Flashlight,3:53,233,,
End Of The Night,Danny Avila,End Of The Night,3:26,206,,
Sixteen,Ellie Goulding,Brightest Blue,3:22,202,,
Takeaway (合作演出：萊南·斯特拉),老菸槍雙人組; Illenium,World War Joy...Takeaway,3:30,210,萊南·斯特拉,
Tell Me It's Okay,Fells,Tell Me It's Okay,3:47,227,,
End of Time (VIZE Remix),K-391; Alan Walker; Ahrix,End of Time (Remixes),2:58,178,,Remix
Wing$,Macklemore; Ryan Lewis,The Heist,5:00,300,,
White Walls (合作演出：Hollis和ScHoolboy Q),Macklemore; Ryan Lewis,The Heist,3:41,221,Hollis和ScHoolboy Q,
Thrift Shop (合作演出：Wanz),Macklemore; Ryan Lewis,Thrift Shop (feat. Wanz),3:56,236,Shop (合作演出：Wanz,
Nothing at All,MagSonics,Nothing at All,3:21,201,,
Hard 2 Face Reality (合作演出：Justin Bieber和Jay Electronica),Poo Bear,Poo Bear Presents: Bearthday Music,3:17,197,Justin Bieber和Jay Electronica,
Come Over (Acoustic Mixtape),Sam Hunt,Between The Pines (Acoustic Mixtape),4:02,242,,Acoustic
Never forgiving,Emma Steinbakken,Never forgiving,3:22,202,,
LOVE SUX,Marisa Maino,STAGES OF LOVE & HEARTBREAK,3:05,185,,
Starboy (Acoustic),Simon Samaeng,Starboy,3:46,226,,Acoustic
WTF (合作演出：Amber Van Day),HUGEL,WTF,2:41,161,Amber Van Day,
ME! (合作演出：Brendon Urie和Brendon Urie of Panic! At The Disco),Taylor Swift,ME!,3:14,194,Brendon Urie和Brendon Urie of Panic! At The Disco,
Ахегао,Мэйби Бэйби,Ахегао,2:50,170,,
Wildcard (合作演出：Sidnie Tipton),KSHMR,The Lion Across The Field EP,3:25,205,Sidnie Tipton,
Getaway Car,Taylor Swift,reputation (Big Machine Radio Release Special),3:54,234,,
Secrets (Radio Edit) (合作演出：VASSY),Tiësto; KSHMR,Secrets (Radio Edit),3:37,217,VASSY,Edit
Эндорфин,Макс Корж,Жить в кайф,4:29,269,,
illicit affairs,Taylor Swift,folklore,3:11,191,,
Unstoppable (Stripped),The Score,ATLAS (Deluxe),3:18,198,,
Never Forget You,Zara Larsson; MNEK,So Good,3:34,214,,
Не исправлюсь,Дора; Мэйби Бэйби,Не исправлюсь,3:34,214,,
Втюрилась,Дора,Втюрилась,2:04,124,,
I'll Wait,Kygo; Sasha Alex Sloan,Golden Hour,3:36,216,,
Boss Bitch,Doja Cat,Boss Bitch,2:15,135,,
Good Things Fall Apart,ILLENIUM; Jon Bellion,ASCEND,3:37,217,,
watch,Billie Eilish,dont smile at me,2:58,178,,
Lean On (合作演出：MØ和DJ Snake),Major Lazer,Peace Is The Mission (Extended),2:57,177,MØ和DJ Snake,
All You Need To Know,格里芬; Calle Lehmann,Gravity,3:59,239,,
Million Days (合作演出：Claire Ridgely),Sabai; Hoang,Million Days,3:29,209,Claire Ridgely,
Good Things Fall Apart vs. Sad Songs (合作演出：Annika Wells),ILLENIUM; Jon Bellion; Said The Sky,ASCEND (Tour Edits),6:07,367,Annika Wells,
Dark Horse (合作演出：Juicy J),Katy Perry,PRISM,3:36,216,Juicy J,
Bloodstream,The Chainsmokers,Memories...Do Not Open,3:45,225,,
Дорадура,Дора,Младшая сестра,2:15,135,,
Leave The Lights On,Meiko,The Bright Side,4:09,249,,
Roses (合作演出：ROZES),The Chainsmokers,Bouquet,3:46,226,ROZES,
Makeba,Jain,Hope - EP,4:10,250,,
Nightlight,ILLENIUM; Annika Wells,Nightlight,3:43,223,,
Shape of You,Ed Sheeran,Shape of You,3:54,234,,
Lullaby,R3HAB; Mike Williams,Lullaby,2:41,161,,
Funny,捷德; Jasmine Thompson,Funny,3:42,222,,
you broke me first,Tate McRae,you broke me first,2:50,170,,
exile (合作演出：Bon Iver),Taylor Swift,folklore,4:46,286,Bon Iver,
We Get High,Ashe,The Rabbit Hole,2:23,143,,
Save Myself,Ashe,Save Myself,3:45,225,,
