title,artist,path,bpm,energy
Sweet Liar,Mia Vaile,media/Sweet Liar.mp3,83,0.26
9277,åŒ—å³¶è©©,media/åŒ—å³¶è©© - 9277(å¥³è²ç‰ˆ)ã€Œè¦æˆ‘å”±å¹¾é¦–æ­Œæ‰èƒ½å¤ å°‡ä½ æ•æ‰ã€å‹•æ…‹æ­Œè©ç‰ˆ.mp3,123,0.34
Trust Fund Baby,Why Don't We,media/Trust Fund Baby.mp3,161,0.3
When I Grow Up,NF,media/When I Grow Up.mp3,112,0.31
2022 DJæŠ–éŸ³ç‰ˆ - çˆ±æ‹¼æ‰ä¼šèµ¢ - Ai pia cia e ya - Remix Tiktok Douyin -  Bekerja Keras Baru Bisa Sukses  #DJæŠ–éŸ³ç‰ˆ,Unknown Artist,media/2022 DJæŠ–éŸ³ç‰ˆ - çˆ±æ‹¼æ‰ä¼šèµ¢ - Ai pia cia e ya - Remix Tiktok Douyin -  Bekerja Keras Baru Bisa Sukses  #DJæŠ–éŸ³ç‰ˆ.mp3,117,0.33
Born To Die,Lana Del Rey,media/Born To Die.mp3,86,0.25
Just A Dream,"Kurt Hugo Schneider, Christina Grimmie, Sam Tsui",media/Just A Dream.mp3,161,0.21
Great Spirit (Extended Mix),Armin van Buuren,media/Great Spirit (Extended Mix).mp3,136,0.32
Hold Me,KEAN DYSSO Â· KEAN DYSSO,media/Hold Me.mp3,123,0.3
DICTATOR,Sarah Yeeun Lee,media/DICTATOR.mp3,129,0.3
Waiting for the Summer,Bob van Ratingen,media/Waiting for the Summer.mp3,117,0.31
Drenched,Wanting,media/Drenched.mp3,108,0.22
u ok,Tate McRae,media/r u ok.mp3,144,0.27
Favorite Part Of Me (R3HAB Remix),Astrid S,media/Favorite Part Of Me (R3HAB Remix).mp3,103,0.28
Mercy,Jauz Â· Masked Wolf,media/Mercy.mp3,152,0.38
Hot Stuff,Kygo Â· Donna Summer,media/Hot Stuff.mp3,117,0.28
Your Love's Like,Sabrina Carpenter,media/Your Love's Like.mp3,78,0.21
Our Time Together (feat. Marie Elizabeth),Ivan B,media/Our Time Together (feat. Marie Elizabeth).mp3,103,0.17
Temperance,Royal & the Serpent,media/Temperance.mp3,89,0.24
Ğ­Ğ½Ğ´Ğ¾Ñ€Ñ„Ğ¸Ğ½,ĞœĞ°ĞºÑ ĞšĞ¾Ñ€Ğ¶ Â· ĞœĞ°ĞºÑ ĞšĞ¾Ñ€Ğ¶ Â· ĞœĞ°ĞºÑ ĞšĞ¾Ñ€Ğ¶,media/Ğ­Ğ½Ğ´Ğ¾Ñ€Ñ„Ğ¸Ğ½.mp3,129,0.31
Happier Than Ever,Billie Eilish,media/Happier Than Ever.mp3,161,0.25
Let You Go (feat. Ember Island),Illenium,media/Let You Go (feat. Ember Island).mp3,108,0.29
One Life,Ed Sheeran,media/One Life.mp3,161,0.25
Heaven,SJ Â· Katelyn Tarver,media/Heaven.mp3,161,0.26
I'M SOLO,SoloCelo,media/I'M SOLO.mp3,161,0.28
Kurt Hugo Schneider,Champions,media/Champions - Kurt Hugo Schneider (KHS) ft Andie Case  Lyrics videos.mp3,152,0.23
å‡ºå±±,èŠ±ç²¥,media/å‡ºå±±.mp3,103,0.27
Breathe,ZABO,media/ZABO - Breathe (Official Visualizer).mp3,99,0.35
Brave,Ella Henderson,media/Brave.mp3,74,0.28
Scare Me (feat. Karra),LUM!X Â· KSHMR Â· Gabry Ponte Â· Karra,media/Scare Me (feat. Karra).mp3,136,0.31
Young God,Halsey,media/Young God.mp3,123,0.25
Blinding Lights (Remix),The Weeknd Â· ROSALÃA,media/Blinding Lights (Remix).mp3,86,0.28
The DJ is Crying for Help,AJR,media/The DJ is Crying for Help.mp3,144,0.29
abcdefu (feat. Royal & the Serpent),GAYLE Â· Royal & the Serpent,media/abcdefu (feat. Royal & the Serpent).mp3,123,0.22
Sideways,Forest Blakk,media/Sideways.mp3,152,0.27
We're Just Kids,Morgan Parriott,media/We're Just Kids.mp3,152,0.31
ur just horny,GAYLE,media/ur just horny.mp3,89,0.24
Knees,Bebe Rexha,media/Knees.mp3,108,0.24
Let Me Move You (From the Netflix film Work It),Unknown Artist,media/Let Me Move You (From the Netflix film Work It).mp3,117,0.32
champagne problems,Taylor Swift,media/champagne problems.mp3,86,0.19
That's What I Call Crazy,Lucy Hale,media/That's What I Call Crazy.mp3,96,0.26
End Of The Night,Danny Avila,media/End Of The Night.mp3,99,0.27
Running Up That Hill (BLVCK CROWZ Edit),Kilian K Â· Blaze U Â· BLVCK CROWZ Â· Luke Madness,media/Running Up That Hill (BLVCK CROWZ Edit).mp3,86,0.39
Does She Know,Astrid S,media/Does She Know.mp3,185,0.33
Knockout (Da Tweekaz Remix),Tungevaag,media/Knockout (Da Tweekaz Remix).mp3,99,0.3
Stronger (What Doesn't Kill You),Kelly Clarkson,media/Stronger (What Doesn't Kill You).mp3,117,0.28
Drown (feat. Clinton Kane) (Nicky Romero Remix),Martin Garrix Â· Clinton Kane Â· Nicky Romero,media/Drown (feat. Clinton Kane) (Nicky Romero Remix).mp3,123,0.26
untitled,"semmmyq, shinra",media/untitled.mp3,172,0.31
Pmac,One,media/Pmac - One.mp3,92,0.23
Unmiss You,Clara Mae,media/Unmiss You.mp3,103,0.22
Let It Be Me (feat. Ava Max),David Guetta Â· Ava Max,media/Let It Be Me (feat. Ava Max).mp3,103,0.25
Should've Said No (Live From Clear Channel Stripped 2008),Taylor Swift,media/Should've Said No (Live From Clear Channel Stripped 2008).mp3,86,0.24
Problems,DeathbyRomy,media/Problems.mp3,144,0.33
All For Love,Tungevaag Â· Raaban Â· Richard Smitt,media/All For Love.mp3,123,0.31
Carnival (Dimitri Vegas & Like Mike Edit),X-Tof Â· Timmy Trumpet Â· MATTN Â· Wolfpack Â· Dimitri Vegas & Like Mike,media/Carnival (Dimitri Vegas & Like Mike Edit).mp3,129,0.29
Big City Life,Marlon Roudette,media/Big City Life.mp3,86,0.31
How Far I'll Go,Da Tweekaz,media/How Far I'll Go.mp3,152,0.29
Letters,Lucas & Steve,media/Letters.mp3,123,0.2
Thrift Shop (feat. Wanz),"Macklemore, Ryan Lewis",media/Thrift Shop (feat. Wanz).mp3,96,0.23
In Too Deep (feat. Mylki) (Firelite Remix),Fresh Tilâ€™ Death Â· Mylki Â· Firelite,media/In Too Deep (feat. Mylki) (Firelite Remix).mp3,152,0.37
I'm Not The Only One,Sam Smith,media/I'm Not The Only One.mp3,83,0.27
Better When You're Gone,Brooks,media/Better When You're Gone.mp3,129,0.29
Drugs (feat. Two Feet),Taylor Upsahl,media/Drugs (feat. Two Feet).mp3,152,0.32
"You're On Your Own, Kid",Taylor Swift,"media/You're On Your Own, Kid.mp3",117,0.27
Nights With You,MÃ˜,media/Nights With You.mp3,117,0.32
Take Me Back to London (feat. Stormzy),Ed Sheeran Â· Stormzy,media/Take Me Back to London (feat. Stormzy).mp3,136,0.26
Better Not Together,Anne-Marie Nicholson,media/Better Not Together.mp3,83,0.26
All Your Exes,Julia Michaels,media/All Your Exes.mp3,112,0.29
Against The Current â€“ â€œDreaming Alone (feat. Taka)â€ [æ—¥æœ¬èªå­—å¹•ä»˜ãver.],Unknown Artist,media/Against The Current â€“ â€œDreaming Alone (feat. Taka)â€ [æ—¥æœ¬èªå­—å¹•ä»˜ãver.].mp3,144,0.12
Hall of Fame,The Script Â· will.i.am,media/Hall of Fame.mp3,172,0.27
House of Memories,Panic! at the Disco,media/Panic! at the Disco - House of Memories (Bennett Remix).mp3,129,0.36
Takeaway,The Chainsmokers Â· Illenium Â· Lennon Stella,media/Takeaway.mp3,99,0.19
Mamma Mia (feat. Amber Van Day),HUGEL Â· Amber Van Day,media/Mamma Mia (feat. Amber Van Day).mp3,123,0.25
The Way I Loved You (Taylorâ€™s Version),Taylor Swift,media/The Way I Loved You (Taylorâ€™s Version).mp3,161,0.25
Dreamers Of The Universe,Ran-D Â· Mark Vayne Â· Diesel,media/Dreamers Of The Universe.mp3,152,0.37
Trampoline,SHAED,media/Trampoline.mp3,129,0.23
Sabai & Hoang,Million Days (Lyrics) Ayon Remix,media/Sabai & Hoang - Million Days (Lyrics) Ayon Remix.mp3,144,0.37
You Signed Up For This,Joe Rubel,media/You Signed Up For This.mp3,129,0.3
White Horse (Taylorâ€™s Version),Taylor Swift,media/White Horse (Taylorâ€™s Version).mp3,92,0.22
ĞÑ…ĞµĞ³Ğ°Ğ¾,ĞœÑĞ¹Ğ±Ğ¸ Ğ‘ÑĞ¹Ğ±Ğ¸ Â· Ğ’Ğ¸ĞºÑ‚Ğ¾Ñ€Ğ¸Ñ Ğ›Ñ‹ÑÑĞº Â· Ğ“Ğ°Ğ»Ğ°Ñ‚ Ğ’Ğ»Ğ°Ğ´Ğ¸Ğ¼Ğ¸Ñ€ ĞĞ»ĞµĞºÑĞ°Ğ½Ğ´Ñ€Ğ¾Ğ²Ğ¸Ñ‡,media/ĞÑ…ĞµĞ³Ğ°Ğ¾.mp3,152,0.27
Photograph (Felix Jaehn Remix),Ed Sheeran,media/Photograph (Felix Jaehn Remix).mp3,117,0.28
One Million,Tujamo Â· LOTTEN,media/One Million.mp3,123,0.34
Don't Leave Me Now,Felix de Laet,media/Don't Leave Me Now.mp3,123,0.28
Better Than Revenge,Taylor Swift,media/Better Than Revenge.mp3,144,0.29
Just Like Fire (From the Original Motion Picture Alice Through The Looking Glass),Unknown Artist,media/Just Like Fire (From the Original Motion Picture Alice Through The Looking Glass).mp3,161,0.26
Slide,Zye Ca$h,media/Slide.mp3,108,0.27
Skyline,MÃ–WE,media/Skyline.mp3,117,0.32
Freaks,Timmy Trumpet Â· Timothy Jude Smith Â· Ivan Gough,media/Freaks.mp3,129,0.33
You Problem,Cloudy June Â· emlyn,media/You Problem.mp3,117,0.25
No Way,JRL,media/No Way.mp3,103,0.25
Legends Never Die,League of Legends Â· Against The Current,media/Legends Never Die.mp3,144,0.27
Tripping Over Air,Aidan Bissett,media/Tripping Over Air.mp3,117,0.34
Herzlos,Mila,media/Herzlos.mp3,123,0.3
It's Time,Imagine Dragons,media/It's Time.mp3,103,0.21
Hope,The Chainsmokers Â· Winona Oak,media/Hope.mp3,103,0.28
The List,Maisie Peters,media/The List.mp3,117,0.22
Colors (Audien Remix),Halsey,media/Colors (Audien Remix).mp3,136,0.35
Bad Habits,Ed Sheeran,media/Bad Habits.mp3,123,0.34
mr. sunshine,Arden Jones,media/mr. sunshine.mp3,129,0.38
Getaway Car,Taylor Swift,media/Getaway Car.mp3,86,0.27
Down For The Ride,ItaloBrothers,media/Down For The Ride.mp3,123,0.3
Castaway,LU2VYK & River,media/Castaway.mp3,117,0.25
Cake By The Ocean,DNCE,media/Cake By The Ocean.mp3,117,0.24
I Hope,Gabby Barrett,media/I Hope.mp3,152,0.22
Someone Like You,Klaas,media/Someone Like You.mp3,129,0.29
Little Swing,AronChupa Â· Little Sis Nora,media/Little Swing.mp3,123,0.27
Mr. Brightside,Mark August Stoermer,media/Mr. Brightside.mp3,83,0.3
Scream & Shout,will.i.am Â· Britney Spears,media/Scream & Shout.mp3,129,0.27
Memories,Conan Gray,media/Memories.mp3,112,0.25
I'm Not Dead Yet,Sean Douglas,media/I'm Not Dead Yet.mp3,136,0.24
Gone Are The Days,Kygo Â· James Gillespie,media/Gone Are The Days.mp3,123,0.21
High Enough,K.Flay,media/High Enough.mp3,89,0.31
GRRRLS,AViVA,media/GRRRLS.mp3,89,0.23
Tie Me Down,Gryffin Â· Elley DuhÃ©,media/Tie Me Down.mp3,99,0.32
Bad Things,mgk Â· Camila Cabello,media/Bad Things.mp3,136,0.33
Feel Good Inc,Lucifer Â· PÃ˜P CULTUR Â· HÃ„WK Â· Brian Burton Â· Damon Albarn Â· David Jolicoeur Â· Jamie Hewlett,media/Feel Good Inc.mp3,123,0.27
Little Talks,Of Monsters and Men,media/Little Talks.mp3,103,0.23
DJ Blaytman & Russian Village Boys,Cyka Blyat' (Lyrics),media/DJ Blaytman & Russian Village Boys - Cyka Blyat' (Lyrics).mp3,152,0.27
I'll Wait,Kygo Â· Sasha Alex Sloan,media/I'll Wait.mp3,123,0.27
& again,Against The Current Â· guardin,media/again & again.mp3,83,0.3
Statement,NEFFEX,media/Statement.mp3,96,0.26
Can't Help Falling In Love,Hearts & Colors,media/Can't Help Falling In Love.mp3,76,0.16
3 Moods,Abe Parker,media/3 Moods.mp3,89,0.21
Dive,Hot Shade Â· Mike Perry Â· Chris James,media/Dive.mp3,123,0.28
Lonely,Justin Bieber Â· benny blanco,media/Lonely.mp3,152,0.29
Hate You,Jim Yosef Â· Riell,media/Hate You.mp3,96,0.28
Centuries,Fall Out Boy,media/Centuries.mp3,89,0.31
thousand years,Christina Perri,media/a thousand years.mp3,92,0.22
Creep,R3HAB Â· GATTÃœSO,media/Creep.mp3,123,0.23
Somebody Told Me,The Killers,media/Somebody Told Me.mp3,136,0.3
"1 step forward, 3 steps back",Olivia Rodrigo,"media/1 step forward, 3 steps back.mp3",172,0.16
We'll Meet Again,Christian F J Buettner,media/We'll Meet Again.mp3,96,0.28
LONELY AND F*CKED UP,The Kid LAROI,media/LONELY AND FCKED UP.mp3,123,0.25
Diamonds,Talia Mar,media/Diamonds.mp3,129,0.32
On My Way,BUNT. Â· Haywood,media/On My Way.mp3,123,0.29
bag or die,bbno$,media/bag or die.mp3,108,0.29
Teriyaki Boyz,Dj Kantik,media/Dj Kantik - Teriyaki Boyz - Tokyo Drift & Sean Paul - Temperature (Remix).mp3,129,0.27
Careless,Neffex,media/Careless.mp3,76,0.23
PSYCHO,AViVA,media/PSYCHO (1).mp3,136,0.27
Glamorama,Bryce Vine,media/Glamorama.mp3,152,0.26
Tell Me It's Okay,Justin Kang,media/Tell Me It's Okay.mp3,92,0.22
Take You To Hell,Ava Max,media/Take You To Hell.mp3,172,0.27
This Girl (Kungs Vs. Cookin' On 3 Burners) (Kungs Vs. Cookin' On 3 Burners),Kungs Â· Cookin' On 3 Burners,media/This Girl (Kungs Vs. Cookin' On 3 Burners) (Kungs Vs. Cookin' On 3 Burners).mp3,123,0.26
La La Land (feat. YG),Bryce Vine Â· YG,media/La La Land (feat. YG).mp3,99,0.32
Dance (â€˜Til You Love Someone Else),Sam Smith,media/Dance (â€˜Til You Love Someone Else).mp3,123,0.26
SH!TSHOW,NERIAH,media/SH!TSHOW.mp3,96,0.31
Parade,Alessandro Vinai,media/Parade.mp3,76,0.39
Wildcard (feat. Sidnie Tipton),KSHMR Â· Sidnie Tipton,media/Wildcard (feat. Sidnie Tipton).mp3,129,0.29
Kira,lonelovee Â· Ğ¡Ğ¾Ğ»Ğ¾Ğ¼ĞµĞ½Ñ†ĞµĞ² Ğ•Ğ²Ğ³ĞµĞ½Ğ¸Ğ¹ Ğ•Ğ²Ğ³ĞµĞ½ÑŒĞµĞ²Ğ¸Ñ‡ Â· Ğ¡Ğ¾Ğ»Ğ¾Ğ¼ĞµĞ½Ñ†ĞµĞ² Ğ•Ğ²Ğ³ĞµĞ½Ğ¸Ğ¹ Ğ•Ğ²Ğ³ĞµĞ½ÑŒĞµĞ²Ğ¸Ñ‡,media/Kira.mp3,123,0.38
Carol of the Bells,Halocene,media/Carol of the Bells.mp3,161,0.28
I Forgive You,Kelly Clarkson,media/I Forgive You.mp3,129,0.25
Get Out My Way,NEFFEX,media/Get Out My Way.mp3,172,0.3
I Really Want to Stay at Your House,Rosa Walton Â· Hallie Coggins,media/I Really Want to Stay at Your House.mp3,123,0.25
Never Forget You,Zara Larsson Â· MNEK,media/Never Forget You.mp3,144,0.29
John Hughes Movie,Henrik Michelson,media/John Hughes Movie.mp3,96,0.35
Hearts on Fire,ILLENIUM Â· Dabin Â· Lights,media/Hearts on Fire.mp3,185,0.27
Victoria's Secret,Jax,media/Victoria's Secret.mp3,83,0.21
Video Games,Lana Del Rey,media/Video Games.mp3,129,0.2
overwhelmed (Chri$tian Gate$ Remix),Royal & the Serpent,media/overwhelmed (Chri$tian Gate$ Remix).mp3,86,0.23
Flashbang dance (feat. n0thing),The Verkkars Â· n0thing,media/Flashbang dance (feat. n0thing).mp3,123,0.3
Friends,Why Don't We,media/Friends.mp3,96,0.27
mind games,renforshort,media/mind games.mp3,108,0.28
Bloodstream,The Chainsmokers,media/Bloodstream.mp3,92,0.27
Only Go Higher,Jerome,media/Only Go Higher.mp3,129,0.34
Taurus (From The Motion Picture Taurus),mgk Â· Naomi Wild,media/Taurus (From The Motion Picture Taurus).mp3,152,0.42
American Dream,Mia Vaile,media/American Dream.mp3,78,0.25
æ‰§è¿·ä¸æ‚Ÿ (DJç‰ˆ),å°ä¹å“¥(ç‹å”¯ä¹) Â· æ½˜è‰ºç¿” Â· å‘¨ä»,media/æ‰§è¿·ä¸æ‚Ÿ (DJç‰ˆ).mp3,129,0.34
The Search (Edit),NF,media/The Search (Edit).mp3,117,0.28
21,Gracie Abrams,media/21.mp3,123,0.31
Nothing at All,MagSonics,media/Nothing at All.mp3,112,0.18
Wellerman,Nathan Evans,media/Nathan Evans - Wellerman (Phav & Deliriouz Hardstyle Bootleg)  HQ Videoclip.mp3,152,0.27
Beautiful Mayhem,DeathbyRomy,media/Beautiful Mayhem.mp3,96,0.24
Dark Paradise (Original Mix),"Richard W Jr Nowels, Elizabeth Grant, Matt Lange, Tania Zygar",media/Dark Paradise (Original Mix).mp3,117,0.25
Luv Me a Little,ILLENIUM Â· Nina Nesbitt,media/Luv Me a Little.mp3,152,0.27
West Coast,OneRepublic,media/West Coast.mp3,136,0.22
"hate u, i love u",gnash Â· Olivia O'brien,"media/i hate u, i love u (feat. olivia o'brien).mp3",92,0.16
Mansion,NF Â· Fleurie,media/Mansion.mp3,99,0.3
You & Me,Le Shuuk Â· Jerome,media/You & Me.mp3,144,0.26
bandits rmx,wonder Â· Yun Head,media/bandits rmx.mp3,161,0.37
Lie,NF,media/Lie.mp3,129,0.25
Can't Hold Us (feat. Ray Dalton),Macklemore & Ryan Lewis Â· Macklemore Â· Ryan Lewis Â· Ray Dalton,media/Can't Hold Us (feat. Ray Dalton).mp3,144,0.28
Not Ok,Rob Ellmore,media/Not Ok.mp3,103,0.22
Hiding In The Blue,Christian F J Buettner,media/Hiding In The Blue.mp3,152,0.31
Warriors,League of Legends Â· 2WEI Â· Edda Hayes,media/Warriors.mp3,185,0.19
Miss Me the Same (with Anson Seabra),Sara Kays Â· Anson Seabra,media/Miss Me the Same (with Anson Seabra).mp3,136,0.28
Weak,AJR,media/Weak.mp3,123,0.24
Without You,John De Sohn Â· Rasmus Hagen Â· BjÃ¶rn Johnsson Â· Rasmus MÃ¥rshagen Â· Benjamin Roustaing,media/Without You.mp3,123,0.27
Land of Opportunity,A Great Big World,media/Land of Opportunity.mp3,96,0.22
Creep,Radiohead,media/Radiohead - Creep (Gamper & Dadoni feat. Ember Island Remix).mp3,123,0.3
Maybe Don't (feat. JP Saxe),Joe Rubel,media/Maybe Don't (feat. JP Saxe).mp3,161,0.29
Nevada (feat. Cozi Zuehlsdorff),Vicetone Â· Cozi Zuehlsdorff,media/Nevada (feat. Cozi Zuehlsdorff).mp3,123,0.3
Keep You Mine,NOTD Â· Shy Martin,media/Keep You Mine.mp3,136,0.26
Good Together (Acoustic),SHY Martin,media/Good Together (Acoustic).mp3,112,0.19
ç”¨æƒ… (Remix),æ­ªæ­ªè¶… Â· ç¾Šç¾Š Â· æ­ªæ­ªè¶… Â· è–›å¿ é“­ Â· æ­ªæ­ªè¶… Â· é™ˆå®¶ä¸½,media/ç”¨æƒ… (Remix).mp3,63,0.21
Drew Barrymore,Lu2vyk,media/Drew Barrymore (1).mp3,103,0.28
Love Language,Evelyne Brochu,media/Love Language.mp3,70,0.22
The Woodchuck Song,AronChupa Â· Little Sis Nora,media/The Woodchuck Song.mp3,129,0.26
Hot N Cold,Katy Perry,media/Hot N Cold.mp3,129,0.28
Bleeding Love,VAMERO Â· LIZOT,media/Bleeding Love.mp3,123,0.33
Hymn for the Weekend,Coldplay,media/Hymn for the Weekend.mp3,89,0.23
No Time To Die,Billie Eilish,media/No Time To Die.mp3,144,0.2
Don't Forget (Blaikz Remix),LIZOT Â· Nevve Â· Blaikz,media/Don't Forget (Blaikz Remix).mp3,123,0.32
Otaku Killers (feat. Pinkii),Shiki-Tmns Â· Pinkii Â· Diaboulik,media/Otaku Killers (feat. Pinkii).mp3,152,0.26
Runaway (U & I),Galantis,media/Runaway (U & I).mp3,123,0.28
Hypnotized (Acoustic),Purple Disco Machine Â· Sophie and the Giants,media/Hypnotized (Acoustic).mp3,108,0.24
ĞĞµ Ğ¸ÑĞ¿Ñ€Ğ°Ğ²Ğ»ÑÑÑŒ,Ğ”Ğ¾Ñ€Ğ° Â· ĞœÑĞ¹Ğ±Ğ¸ Ğ‘ÑĞ¹Ğ±Ğ¸ Â· Ğ”Ğ°Ñ€ÑŒÑ Ğ¨Ğ¸Ñ…Ğ°Ğ½Ğ¾Ğ²Ğ° Â· Ğ”Ğ°Ñ€ÑŒÑ Ğ¨Ğ¸Ñ…Ğ°Ğ½Ğ¾Ğ²Ğ°,media/ĞĞµ Ğ¸ÑĞ¿Ñ€Ğ°Ğ²Ğ»ÑÑÑŒ.mp3,112,0.27
Waiting,Vicetone Â· Daisy Guttridge,media/Waiting.mp3,103,0.29
Majesty feat. Wasiu,Apashe,media/Majesty feat. Wasiu.mp3,81,0.3
Let's Love,David Guetta,media/Let's Love.mp3,92,0.31
Don't Matter,Derik Fein,media/Don't Matter.mp3,99,0.21
Do Or Die,Axel Johansson,media/Do Or Die.mp3,89,0.26
Skin,Sabrina Carpenter,media/Skin.mp3,108,0.25
A Thousand Ways,Phoebe Ryan,media/A Thousand Ways.mp3,62,0.28
Men On The Moon,Chelsea Cutler,media/Men On The Moon.mp3,161,0.25
Hurricane (Arty Remix),Halsey,media/Hurricane (Arty Remix).mp3,129,0.29
Money,Mia Vaile,media/Mia Vaile - Money (James Mercy Remix).mp3,144,0.34
Unstoppable (Stripped),The Score,media/Unstoppable (Stripped).mp3,78,0.27
Cool Kids,Echosmith,media/Cool Kids.mp3,129,0.23
ME! (feat. Brendon Urie of Panic! At The Disco),Taylor Swift Â· Brendon Urie,media/ME! (feat. Brendon Urie of Panic! At The Disco).mp3,185,0.28
If We Have Each Other,Alec Benjamin,media/If We Have Each Other.mp3,86,0.28
One Day (feat. ROZES) (Club Mix),Sam Feldt Â· Yves V Â· ROZES,media/One Day (feat. ROZES) (Club Mix).mp3,123,0.32
Dancing In My Sleep,Torine,media/Dancing In My Sleep.mp3,144,0.25
Someday,Kygo Â· Zac Brown,media/Someday (1).mp3,123,0.25
Walk Thru Fire,Vicetone,media/Walk Thru Fire.mp3,117,0.3
Blisters,Dylan,media/Blisters.mp3,172,0.25
Fading,Alle Farben Â· ILIRA,media/Fading.mp3,123,0.29
Don't Leave Me Now (Extended Mix),Felix de Laet,media/Don't Leave Me Now (Extended Mix).mp3,123,0.28
TiK ToK (feat. Liinii),Olympis Â· Helion Â· Liinii,media/TiK ToK (feat. Liinii).mp3,123,0.26
Call on Me (Ryan Riback Remix),Starley Â· Ryan Riback,media/Call on Me (Ryan Riback Remix).mp3,103,0.26
Man's World,MARINA,media/Man's World.mp3,112,0.29
Happier in Hell,Royal & the Serpent,media/Happier in Hell.mp3,136,0.29
Never forgiving,Emma Steinbakken,media/Never forgiving.mp3,117,0.28
Sun Still Rises,Regina Price,media/Sun Still Rises.mp3,62,0.14
STAR WALKIN' (League of Legends Worlds Anthem),Lil Nas X,media/STAR WALKIN' (League of Legends Worlds Anthem).mp3,144,0.28
MONEY,24,media/MONEY.mp3,136,0.18
Praying To A God (LUKE Remix),Mr. Probz,media/Praying To A God (LUKE Remix).mp3,117,0.29
Summertime Sadness [Lana Del Rey vs. Cedric Gervais] (Cedric Gervais Extended Remix),Lana Del Rey Â· Cedric Gervais,media/Summertime Sadness [Lana Del Rey vs. Cedric Gervais] (Cedric Gervais Extended Remix).mp3,123,0.22
Wouldnâ€™t Change A Thing,ILLENIUM Â· Thirty Seconds To Mars,media/Wouldnâ€™t Change A Thing.mp3,161,0.34
I Don't Wanna Talk (I Just Wanna Dance),Glass Animals,media/I Don't Wanna Talk (I Just Wanna Dance).mp3,129,0.31
Captain,Nutcase22,media/Nutcase22 - Captain (Restricted Remix).mp3,144,0.28
Stay The Night,Just Kiddin Â· Camden Cox,media/Stay The Night.mp3,123,0.25
Sweet Dreams,Vin Jay Â· Marilyn Manson,media/Sweet Dreams.mp3,86,0.21
Hold It Down,Noah Kahan,media/Hold It Down.mp3,78,0.21
engravings,Ethan Bortnick,media/engravings.mp3,136,0.38
Haunted,Taylor Swift,media/Haunted.mp3,161,0.28
One Life,Mike Perry,media/One Life (1).mp3,129,0.3
Nights with You (Mixed),MÃ˜,media/Nights with You (Mixed).mp3,117,0.17
Take Me,William Black Â· Matte Â· RUNN,media/Take Me.mp3,161,0.25
Little Do You Know,Campsite Dream,media/Little Do You Know.mp3,96,0.29
Moskau,Da Tweekaz Â· Harris & Ford,media/Moskau.mp3,152,0.33
Disconnect (Songer Remix),Becky Hill Â· Songer,media/Disconnect (Songer Remix).mp3,117,0.37
Your Song,Steve Mac,media/Your Song.mp3,117,0.28
Eu SÃ³ Queria Te Amar (Corre),LaÃ­s,media/Eu SoÌ Queria Te Amar (Corre).mp3,152,0.22
Summer Air,"Kristian Sandberg, Mathias Metten, Dietmar Pollmann, Hanno Lohse",media/Summer Air.mp3,103,0.27
Snow On The Beach,Taylor Swift Â· Lana Del Rey,media/Snow On The Beach.mp3,112,0.21
Juice WRLD & Marshmello - Come & Go (Official Music Video),Unknown Artist,media/Juice WRLD & Marshmello - Come & Go (Official Music Video).mp3,144,0.26
Hey Sole Sister,Train,media/Train - Hey Sole Sister (Ryan Hunter KickNBass Bootleg).mp3,129,0.34
One More Round (Free Fire Booyah Day Theme Song),KSHMR Â· Jeremy Oceans,media/One More Round (Free Fire Booyah Day Theme Song).mp3,123,0.31
Ghost (Lost Kings Remix),Halsey,media/Ghost (Lost Kings Remix).mp3,103,0.27
I Will Let You Down (feat. KLARA),Madison Mars Â· KLARA,media/I Will Let You Down (feat. KLARA).mp3,129,0.4
MBNN & Rowald Steyn,ilomilo (Billie Eilish),media/MBNN & Rowald Steyn - ilomilo (Billie Eilish).mp3,117,0.26
Sweater Weather,Max Schneider Alyson Stoner  Max Schneider Alyson Stoner,media/Sweater Weather.mp3,123,0.18
Don't Say,The Chainsmokers Â· Emily Warren,media/Don't Say.mp3,99,0.26
Starboy (Acoustic),Simon Samaeng,media/Starboy (Acoustic).mp3,172,0.18
Shower,Becky G,media/Shower.mp3,117,0.23
Blame,Calvin Harris Â· John Newman,media/Blame.mp3,129,0.29
Monody (Bimonte Remix),Christian BÃ¼ttner,media/Monody (Bimonte Remix).mp3,129,0.32
Lost,Blake Rose Â· Joel Adams,media/Lost.mp3,129,0.31
Trouble (Sander Kleinenberg Remix),Halsey,media/Trouble (Sander Kleinenberg Remix).mp3,123,0.24
2 PhÃºt HÆ¡n (KAIZ Remix),PhÃ¡o,media/2 PhuÌt HoÌ›n (KAIZ Remix).mp3,129,0.34
Don't Let Me Down,Lucas & Steve,media/Don't Let Me Down.mp3,123,0.22
STUCK IN 2020 | A Year-End Megamix (Mashup of 100+ Songs) // by Adamusic,Unknown Artist,media/STUCK IN 2020  A Year-End Megamix (Mashup of 100+ Songs)  by Adamusic.mp3,152,0.23
Quarantine,Mat Best & Tim Montana,media/Quarantine.mp3,99,0.28
Don't Break the Heart,Tom Grennan,media/Don't Break the Heart.mp3,123,0.32
Closer,The Chainsmokers Â· Halsey,media/Closer.mp3,96,0.25
aerosmith,dream on,media/dream on - aerosmith (sped up).mp3,96,0.24
Graduation (Friends Forever),Colleen Fitzpatrick,media/Graduation (Friends Forever).mp3,161,0.2
They Speak (Ow),"Ã–wnboss, CEVITH",media/They Speak (Ow).mp3,123,0.29
Wing$,Andrew Joslyn,media/Wing$.mp3,144,0.17
Glowing Review,Joe Rubel,media/Glowing Review.mp3,117,0.23
Don't,Ed Sheeran,media/Don't.mp3,96,0.28
We Were Here,Lights,media/We Were Here.mp3,144,0.29
Another Life (feat. Alida) (twocolors Remix),Lucas & Steve Â· Alida,media/Another Life (feat. Alida) (twocolors Remix).mp3,123,0.27
First Time,Henrik Meinke,media/First Time.mp3,89,0.21
Save Myself,Ashe,media/Save Myself.mp3,74,0.16
I'm Not A Saint,Billy Raffoul,media/I'm Not A Saint.mp3,129,0.27
Seesaw,Ummet Ozcan,media/Seesaw.mp3,144,0.29
7 Years,Lukas Graham,media/7 Years.mp3,117,0.24
fools (can't help falling in love),Foster Â· Sody Â· Sarcastic Sounds,media/fools (can't help falling in love).mp3,161,0.22
Temporary,Hanna Trager,media/Temporary.mp3,123,0.26
Champions,"Kurt Hugo Schneider, Andie Case",media/Champions.mp3,152,0.24
Good Enough,Daniel Nigro,media/Good Enough.mp3,74,0.22
Like My Father,Jax,media/Like My Father.mp3,136,0.2
Love Is Gone (TiÃ«sto Remix),Slander Â· TiÃ«sto Â· Dylan Matthew,media/Love Is Gone (TieÌˆsto Remix).mp3,129,0.31
Freezing,Mimi Webb,media/Freezing.mp3,78,0.27
Bad Girls,M.I.A.,media/Bad Girls.mp3,144,0.31
Freeze,Kygo,media/Freeze.mp3,112,0.2
Cinderella Snapped,Jax,media/Cinderella Snapped.mp3,144,0.28
Good Things Fall Apart vs. Sad Songs,ILLENIUM Â· Jon Bellion Â· Said The Sky Â· Annika Wells,media/Good Things Fall Apart vs. Sad Songs.mp3,144,0.27
Sexy And I Know It,LMFAO,media/Sexy And I Know It.mp3,129,0.35
Good Things Fall Apart,ILLENIUM Â· Jon Bellion,media/Good Things Fall Apart.mp3,144,0.28
See The Way,The Chainsmokers Â· Sabrina Claudio,media/See The Way.mp3,96,0.25
Another Life (feat. Alida),Lucas & Steve Â· Alida,media/Another Life (feat. Alida).mp3,123,0.25
death bed (coffee for your head),Powfu Â· beabadoobee,media/death bed (coffee for your head).mp3,144,0.18
Whispering Still (Little Rose Remix),Chloe Lewer,media/Whispering Still (Little Rose Remix).mp3,117,0.28
White Room (feat. Julia Ross),Ayon Â· Julia Ross,media/White Room (feat. Julia Ross).mp3,144,0.29
Clouds,Paper Idol,media/Clouds.mp3,92,0.3
Toothbrush,DNCE,media/Toothbrush.mp3,103,0.24
Rave Love (Extended Mix),Willem van Hanegem,media/Rave Love (Extended Mix).mp3,161,0.29
abc (The Wild Remix),The Wild,media/abc (The Wild Remix).mp3,123,0.3
Live Forever,Stafford Brothers Â· Lexy Panterra Â· Lil Yachty,media/Live Forever.mp3,99,0.28
FUN FUN FUN (Lyrics)ğŸµ - Dimitrix feat. Raquel Castro,Unknown Artist,media/FUN FUN FUN (Lyrics)ğŸµ - Dimitrix feat. Raquel Castro.mp3,129,0.26
Control,Zoe Wees,media/Control.mp3,112,0.35
Oxygen,Winona Oak Â· Robin Schulz,media/Oxygen.mp3,117,0.29
House of Memories,Panic! At The Disco,media/House of Memories.mp3,108,0.28
Matter To You,Sasha Alex Sloan,media/Matter To You.mp3,99,0.26
not my job anymore,Madi Yanofsky,media/not my job anymore.mp3,144,0.26
Me + You,Sabai Â· Rave New World,media/Me + You.mp3,152,0.25
Please Don't Go,Joel Adams,media/Joel Adams - Please Don't Go (Tschax Remix).mp3,99,0.24
Bitter,FLETCHER Â· Kito,media/Bitter.mp3,136,0.3
Habit,Laurell Â· Anderz Wrethov Â· Andreas Stone Johansson Â· Laurell Barker Â· Thomas Stengaard Â· Anderz Wrethov Â· Andreas Stone Johansson Â· Laurell Barker Â· Thomas Stengaard Â· Anderz Wrethov Â· Andreas Stone Johansson Â· Thomas Stengaard,media/Habit.mp3,99,0.26
People I Don't Like,Taylor Upsahl,media/People I Don't Like.mp3,89,0.31
Paper Planes,M.I.A.,media/Paper Planes.mp3,172,0.22
tomorrow tonight,Loote,media/tomorrow tonight.mp3,92,0.26
drinking games,Silver Sphere,media/drinking games.mp3,92,0.28
Heart Made of Stone,The Tech Thieves,media/Heart Made of Stone.mp3,96,0.25
Wendy,Brad Ellis,media/Wendy.mp3,103,0.33
Chlorine,twenty one pilots,media/Chlorine.mp3,89,0.24
Anti-Hero,Taylor Swift,media/Anti-Hero.mp3,96,0.26
Memories (feat. Sirah) (Radio Edit),KSHMR Â· Bassjackers Â· Sirah,media/Memories (feat. Sirah) (Radio Edit).mp3,129,0.27
"Relax, Take It Easy",MIKA,"media/Relax, Take It Easy.mp3",123,0.22
I Am Steve,Hey Steve,media/I Am Steve.mp3,152,0.25
Aurora,K-391 Â· RÃ˜RY Â· Kristoffer Haugan Â· Edvard Normann Â· Sander Meland Â· Kristin Marie Â· Hannah Storm Â· Kristian Moen Vik Â· Lily Williams,media/Aurora.mp3,144,0.27
Drvgs (feat. Hayley Gene),DVBBS Â· Hayley Gene,media/Drvgs (feat. Hayley Gene).mp3,129,0.3
Until You Were Gone (Reez Remix),Andrew Taggart,media/Until You Were Gone (Reez Remix).mp3,129,0.22
If You Could See Me Now,The Script,media/If You Could See Me Now.mp3,99,0.26
C'est la vie,Cameron Boyer,media/C'est la vie.mp3,92,0.3
Own the World,KYANU,media/Own the World.mp3,136,0.33
No Promises (feat. Demi Lovato),Cheat Codes Â· Demi Lovato,media/No Promises (feat. Demi Lovato).mp3,112,0.26
Vanic x Zella Day,Hypnotic,media/Vanic x Zella Day - Hypnotic.mp3,161,0.3
Lights,Ellie Goulding,media/Ellie Goulding - Lights (Nitti Gritti Remix).mp3,152,0.3
Drew Barrymore,Bryce Vine,media/Drew Barrymore.mp3,152,0.32
Liability,Lorde,media/Liability.mp3,129,0.17
Bring Me Back,Miles Away Â· Claire Ridgely,media/Bring Me Back.mp3,144,0.27
Flashlight,R3hab Â· Deorro,media/Flashlight.mp3,129,0.31
Umbrella,Hard Lights Â· Moonshine Â· Marnik Â· Ember Island,media/Umbrella.mp3,99,0.34
Butterfly,Marnik Â· Hard Lights,media/Butterfly.mp3,136,0.29
Rude (Zedd Remix),MAGIC!,media/Rude (Zedd Remix).mp3,129,0.33
Someday,OneRepublic,media/Someday.mp3,123,0.25
Me And My Broken Heart,Rixton,media/Me And My Broken Heart.mp3,172,0.28
Sing It With Me,JP Cooper Â· Astrid S,media/Sing It With Me.mp3,152,0.3
LA On A Saturday Night (Hazers Remix),Hearts & Colors,media/LA On A Saturday Night (Hazers Remix).mp3,83,0.26
Strip That Down,Liam Payne Â· Quavo,media/Strip That Down.mp3,108,0.31
Setting Fires (Blasterjaxx Remix),The Chainsmokers Â· XYLÃ˜,media/Setting Fires (Blasterjaxx Remix).mp3,129,0.29
Never Worn White,Katy Perry,media/Never Worn White.mp3,136,0.18
"Devil (feat. Busta Rhymes, B.o.B & Neon Hitch)",Cash Cash Â· Busta Rhymes Â· B.o.B Â· Neon Hitch,"media/Devil (feat. Busta Rhymes, B.o.B & Neon Hitch).mp3",144,0.38
Do Bad Well (feat. Nevve),KSHMR Â· Nevve,media/Do Bad Well (feat. Nevve).mp3,129,0.28
Panic Room,Au/Ra,media/Panic Room.mp3,99,0.21
Better Than This,Mike Perry Â· David Rasmussen,media/Better Than This.mp3,117,0.25
eighteen,Henry Moodie,media/eighteen.mp3,144,0.25
All For You,The Waked Â· Hanna LÃ¶wenborg,media/All For You.mp3,112,0.26
I'm Gonna Show You Crazy,Bebe Rexha,media/I'm Gonna Show You Crazy.mp3,89,0.25
é›ªä¸‹äº†ä¸€å¤œ,è«å¾—æ¡‘ Â· #0000FF Â· æ— é¢å°ç”Ÿ Â· è«å¾—æ¡‘ Â· #0000FF Â· æ— é¢å°ç”Ÿ Â· è«å¾—æ¡‘ Â· #0000FF Â· æ— é¢å°ç”Ÿ,media/é›ªä¸‹äº†ä¸€å¤œ.mp3,83,0.18
All That Glitters,Kate Earl,media/All That Glitters.mp3,96,0.26
Shameless (feat. Stef Classens),Nils van Zandt Â· Stef Classens,media/Shameless (feat. Stef Classens).mp3,129,0.31
Love Again (feat. Alida),Alok Â· Alida,media/Love Again (feat. Alida).mp3,129,0.32
she's all yours,Loote,media/she's all yours.mp3,161,0.29
Ğ’Ñ‚ÑÑ€Ğ¸Ğ»Ğ°ÑÑŒ,Ğ”Ğ¾Ñ€Ğ° Â· Ğ˜Ğ³Ğ¾Ñ€ÑŒ Ğ’Ğ»Ğ°ÑĞ¾Ğ² Â· Ğ”Ğ°Ñ€ÑŒÑ Ğ¨Ğ¸Ñ…Ğ°Ğ½Ğ¾Ğ²Ğ°,media/Ğ’Ñ‚ÑÑ€Ğ¸Ğ»Ğ°ÑÑŒ.mp3,152,0.19
Blow Your Mind (Mwah),Dua Lipa,media/Blow Your Mind (Mwah).mp3,108,0.34
Câ€™est La Vie,Yung Gravy Â· bbno$ Â· Rich Brian,media/Câ€™est La Vie.mp3,144,0.31
Friendzone,G.O.A.T,media/Friendzone.mp3,123,0.21
Freak (feat. REI AMI),Sub Urban Â· REI AMI,media/Freak (feat. REI AMI).mp3,89,0.17
I Took A Pill In Ibiza (Seeb Remix),Mike Posner,media/I Took A Pill In Ibiza (Seeb Remix).mp3,103,0.23
"Downtown (feat. Melle Mel, Grandmaster Caz, Kool Moe Dee & Eric Nally)",Macklemore & Ryan Lewis Â· Macklemore Â· Ryan Lewis Â· Melle Mel Â· Grandmaster Caz Â· Kool Moe Dee Â· Eric Nally,"media/Downtown (feat. Melle Mel, Grandmaster Caz, Kool Moe Dee & Eric Nally).mp3",112,0.29
Married to the Bag,Shotgun Willy,media/Married to the Bag.mp3,123,0.29
Therapy,Anne-Marie Nicholson,media/Therapy.mp3,129,0.34
Pretty Little Mind,Gabi DeMartino,media/Pretty Little Mind.mp3,112,0.4
EGO,Gia Woods,media/EGO.mp3,161,0.28
Million Days,Sabai Â· Hoang Â· Claire Ridgely,media/Million Days.mp3,144,0.3
People You Know,Selena Gomez,media/People You Know.mp3,152,0.27
When We Were Still Young,Klaas Gerling,media/When We Were Still Young.mp3,123,0.28
Love Of Your Life,RAYE,media/Love Of Your Life.mp3,112,0.3
Bodytalk (STFU),Blasterjaxx Â· Raven & Kreyn,media/Bodytalk (STFU).mp3,144,0.25
Tear Me Down,Davai Â· Philip Rustad,media/Tear Me Down.mp3,99,0.26
because i liked a boy,Sabrina Carpenter,media/because i liked a boy.mp3,152,0.26
The Best Days (feat. Tabitha),Sam Feldt Â· Karma Child Â· Tabitha,media/The Best Days (feat. Tabitha).mp3,108,0.23
Lasting Lover (TiÃ«sto Remix),Sigala Â· James Arthur Â· TiÃ«sto,media/Lasting Lover (TieÌˆsto Remix).mp3,123,0.28
Rockstar,BoyWithUke,media/Rockstar.mp3,117,0.29
The Story Of Us (Taylor's Version),Taylor Swift,media/The Story Of Us (Taylor's Version).mp3,144,0.32
Demons,Imagine Dragons,media/Demons.mp3,89,0.33
Mean It,Gracie Abrams,media/Mean It.mp3,136,0.18
Me agobia (con Lean),William Jay Behlendorf,media/Me agobia (con Lean).mp3,172,0.3
Long Live,Taylor Swift,media/Long Live.mp3,103,0.26
Young And Beautiful (DH Orchestral Version),Lana Del Rey,media/Young And Beautiful (DH Orchestral Version).mp3,112,0.22
Not Fair,HBz,media/HBz - Not Fair (Bounce Mix).mp3,136,0.29
Cowboys Donâ€™t Cry,Oliver Tree,media/Cowboys Donâ€™t Cry.mp3,89,0.19
Still Beat,Mome Boys,media/Still Beat.mp3,103,0.27
Faded Love,Leony,media/Faded Love.mp3,129,0.34
Lordly (feat. Alex Aiono) (MDZN Remix),Feder Â· Alex Aiono,media/Lordly (feat. Alex Aiono) (MDZN Remix).mp3,123,0.3
u,Jax Jones Â· Au/Ra,media/i miss u.mp3,123,0.23
Boyfriend Of The Year,Bellah Mae,media/Boyfriend Of The Year.mp3,81,0.23
Dolly Song (Devil's Cup),VIZE Â· Leony,media/Dolly Song (Devil's Cup).mp3,117,0.26
By Your Side,Jonas Blue Â· RAYE,media/By Your Side.mp3,123,0.28
Psycho,Ed Sheeran,media/Psycho.mp3,117,0.31
KSHMR Live DJ Set - Free Fire Booyah Day Theme Song Celebration,Unknown Artist,media/KSHMR Live DJ Set - Free Fire Booyah Day Theme Song Celebration.mp3,129,0.15
Boss Bitch,Amala Zandile Dlamini,media/Boss Bitch.mp3,129,0.26
Good Vibes Tan Lines,Thomas Frinking Â· Rochelle Diamante Â· Thomas Frinking Â· Tiffany Diamante Â· Thomas Frinking Â· Tiffany Diamante,media/Good Vibes Tan Lines.mp3,89,0.28
A$AP Ferg ft. Nicki Minaj - Plain Jane (KEAN DYSSO Remix) (Bass Boosted),Unknown Artist,media/A$AP Ferg ft. Nicki Minaj - Plain Jane (KEAN DYSSO Remix) (Bass Boosted).mp3,96,0.34
Reckless,Madison Beer,media/Reckless.mp3,89,0.21
Spinnin,Connor Price Â· Bens,media/Spinnin.mp3,144,0.25
è¿™è¾ˆå­æ¬ è‡ªå·±å¤ªå¤š,æå‘å‘ Â· ç‚¹ç‚¹ Â· ç™½æ™—,media/è¿™è¾ˆå­æ¬ è‡ªå·±å¤ªå¤š.mp3,99,0.23
My Way,Harris & Ford Â· Mike Candys,media/My Way.mp3,152,0.29
Understand,BoyWithUke,media/Understand.mp3,103,0.24
"You Need Me, I Don't Need You",Ed Sheeran,"media/You Need Me, I Don't Need You.mp3",103,0.19
HAPPY,NF,media/HAPPY.mp3,108,0.28
watch,Billie Eilish,media/watch.mp3,83,0.29
Wait Another Day,Mike Williams Â· Mesto,media/Wait Another Day.mp3,123,0.27
Take You Down,ILLENIUM,media/Take You Down.mp3,86,0.31
Crush,Jerome Â· Eric Chase Â· Michelle Hord,media/Crush.mp3,123,0.3
Left & Right,Malou Prytz,media/Left & Right.mp3,92,0.26
Bullet,Saint Motel,media/Bullet.mp3,99,0.26
Dark Horse,Katy Perry Â· Juicy J,media/Dark Horse.mp3,129,0.31
Jungle (feat. Soup & TheDooo),Mome Boys Â· Soup Â· TheDooo,media/Jungle (feat. Soup & TheDooo).mp3,129,0.29
White Walls (feat. ScHoolboy Q & Hollis),"Macklemore, Ryan Lewis",media/White Walls (feat. ScHoolboy Q & Hollis).mp3,117,0.27
Hard 2 Face Reality,Poo Bear Â· Justin Bieber Â· Jay Electronica,media/Hard 2 Face Reality.mp3,144,0.29
Freedom,Kygo Â· Zak Abel,media/Freedom.mp3,112,0.22
Bananza,Akon,media/Akon - Bananza (Belly Dancer) [Divolly & Markward Remix].mp3,123,0.32
golden hour,JVKE Â· Jake Lawson Â· Zac Lawson,media/golden hour.mp3,96,0.29
I Can See You,Taylor Swift,media/Taylor Swift - I Can See You (Taylorâ€™s Version) (From The Vault) (Official Video).mp3,123,0.13
Broken Glass,Kygo Â· Kim Petras,media/Broken Glass.mp3,112,0.23
she's all i wanna be,Tate McRae,media/she's all i wanna be.mp3,161,0.29
Fashion Killa (Papapapa),Mason Â· Stefflon Don,media/Fashion Killa (Papapapa).mp3,123,0.29
Youâ€™re Not Sorry (Taylorâ€™s Version),Taylor Swift,media/Youâ€™re Not Sorry (Taylorâ€™s Version).mp3,136,0.23
The Spook,KSHMR Â· BassKillers Â· B3nte,media/The Spook.mp3,129,0.33
Lost The Breakup,Maisie Peters,media/Lost The Breakup.mp3,144,0.31
Thunder,Gabry Ponte Â· LUM!X Â· Prezioso,media/Thunder.mp3,136,0.31
Runaway,R3HAB Â· Sigala Â· JP Cooper Â· Bruce Fielder Â· Joakim Sebastian Hasselquist Jarl Â· Dominic Joshua Alexander Liu Â· Sean Michael Mcdonagh Â· Nicole Mary Blair Â· John Paul Cooper Â· Fadil El Ghoul,media/Runaway.mp3,123,0.25
illicit affairs,Taylor Swift,media/illicit affairs.mp3,117,0.17
"Tag, You're It",Melanie Martinez,"media/Tag, You're It.mp3",117,0.27
Wait For You (feat. Maia Wright),Mike Williams Â· Maia Wright,media/Wait For You (feat. Maia Wright).mp3,112,0.3
are you sure?,Loote,media/are you sure.mp3,108,0.29
Maniac,Conan Gray,media/Maniac.mp3,108,0.3
Outside,Calvin Harris Â· Ellie Goulding,media/Outside.mp3,129,0.28
Sixteen,Ellie Goulding,media/Sixteen.mp3,108,0.25
Instagram,Dimitri Thivaios,media/Instagram.mp3,129,0.33
Worst Day,ILLENIUM Â· MAX,media/Worst Day.mp3,152,0.35
Stereo Hearts (feat. Adam Levine),Gym Class Heroes Â· Adam Levine,media/Stereo Hearts (feat. Adam Levine).mp3,89,0.28
Fight Fire With Fire,Ran-D Â· LePrince,media/Fight Fire With Fire.mp3,152,0.35
Weâ€™re The Sameâ€¬â€¬ (Jake & Kellini Remix),Vigiland Â· Alexander Tidebrink,media/Weâ€™re The Sameâ€¬â€¬ (Jake & Kellini Remix).mp3,123,0.27
This Is The Life,Amy Macdonald,media/This Is The Life.mp3,129,0.24
Hurricane,Ran-D,media/Hurricane.mp3,152,0.4
Hard Part's Over,Hoang Â· Page,media/Hard Part's Over.mp3,152,0.32
Viva La Vida,Coldplay,media/Viva La Vida.mp3,136,0.21
Thin Line (feat. Buffalo Madonna),"Macklemore, Ryan Lewis",media/Thin Line (feat. Buffalo Madonna).mp3,103,0.24
Start Again,Connor Price Â· Chloe Sagum,media/Start Again.mp3,117,0.2
Candlelight,LIZOT,media/Candlelight.mp3,144,0.26
Gasoline,Halsey,media/Gasoline.mp3,117,0.22
Get Ready Now (Extended Mix),VINAI,media/Get Ready Now (Extended Mix).mp3,129,0.35
Question... ?,Taylor Swift,media/Question.mp3,108,0.28
Hearts on Fire (Timmy Trumpet Remix),ILLENIUM Â· Dabin Â· Lights,media/Hearts on Fire (Timmy Trumpet Remix).mp3,129,0.29
Commander In Chief,Demi Lovato,media/Commander In Chief.mp3,152,0.22
Not Another Rockstar,Ines Dunn,media/Not Another Rockstar.mp3,92,0.38
Ghost Town,Paul Catalano,media/Ghost Town.mp3,129,0.28
Far Away From Home (feat. Leony),Sam Feldt Â· VIZE Â· Leony,media/Far Away From Home (feat. Leony).mp3,99,0.25
Wait Another Day,Mike Williams Â· Mesto,media/Wait Another Day (1).mp3,123,0.27
Ill Mind of Hopsin 8,Hopsin,media/Ill Mind of Hopsin 8.mp3,129,0.21
I Knew You Were Trouble (Taylor's Version),Taylor Swift,media/I Knew You Were Trouble (Taylor's Version).mp3,152,0.22
Unbelievable,Why Don't We,media/Unbelievable.mp3,129,0.27
Drink About (MOTi Remix),Seeb Â· Dagny Â· MOTi,media/Drink About (MOTi Remix).mp3,123,0.32
Closure,Hayd,media/Closure.mp3,123,0.15
Tokyo Nights,Digital Farm Animals Â· Shaun Frank Â· Dragonette,media/Tokyo Nights.mp3,103,0.27
Jupiter,Jerome,media/Jupiter.mp3,136,0.34
Lean On (feat. MÃ˜ & DJ Snake),Major Lazer Â· MÃ˜ Â· DJ Snake,media/Lean On (feat. MÃ˜ & DJ Snake).mp3,99,0.26
Therefore I Am,Billie Eilish,media/Therefore I Am.mp3,96,0.29
Secrets (Radio Edit),TiÃ«sto Â· KSHMR Â· VASSY,media/Secrets (Radio Edit).mp3,129,0.33
WTF (feat. Amber Van Day),HUGEL Â· Amber Van Day,media/WTF (feat. Amber Van Day).mp3,123,0.3
Strangers,Kenya Grace,media/Strangers.mp3,86,0.21
New York City (Dash Berlin Remix),The Chainsmokers,media/New York City (Dash Berlin Remix).mp3,129,0.33
What's Up?,LIZOT Â· waybackwhen,media/What's Up.mp3,129,0.32
Come Over (Acoustic Mixtape),Sam Hunt,media/Come Over (Acoustic Mixtape).mp3,112,0.19
No Type,Rae Sremmurd,media/No Type.mp3,123,0.29
Castle,Halsey,media/Castle.mp3,129,0.25
Nights Like That,BUNT. Â· Georgia Ku,media/Nights Like That.mp3,112,0.29
Never Dated You,Jack Laboz,media/Never Dated You.mp3,152,0.21
All You Need To Know,Gryffin Â· SLANDER Â· Calle Lehmann,media/All You Need To Know.mp3,144,0.24
Runaways (feat. Teemu),Sam Feldt Â· Deepend Â· Teemu,media/Runaways (feat. Teemu).mp3,117,0.33
Ghost Assassin (Original Mix),Maduk Â· Veela,media/Ghost Assassin (Original Mix).mp3,117,0.26
The One That Got Away,Katy Perry,media/The One That Got Away.mp3,136,0.28
Addicted To A Memory,Zedd Â· Bahari,media/Addicted To A Memory.mp3,129,0.29
Every Breath You Take (Acoustic),Jada Facer,media/Every Breath You Take (Acoustic).mp3,108,0.17
Selfish (Alan Walker Remix),Madison Beer Â· Alan Walker,media/Selfish (Alan Walker Remix).mp3,161,0.22
The Hum,Briz DJ,media/The Hum.mp3,129,0.21
#SELFIE,The Chainsmokers,media/#SELFIE.mp3,129,0.32
2 Die 4,Tove Lo,media/2 Die 4.mp3,117,0.27
STYLE â™¦ Sweater Weather,HARD,media/HARD-STYLE â™¦ Sweater Weather (Jomarijan  Remix).mp3,152,0.23
Die For You (Dabin Remix),Nicholas Chiari,media/Die For You (Dabin Remix).mp3,136,0.34
Fired My Therapist,Jeoff Harris,media/Fired My Therapist.mp3,92,0.15
i can't get high,Royal & the Serpent,media/i can't get high.mp3,92,0.22
GTA Online: The Cayo Perico Heist (Ending Finale Song) [Icky Blossoms - Cycle],Unknown Artist,media/GTA Online The Cayo Perico Heist (Ending Finale Song) [Icky Blossoms - Cycle].mp3,99,0.25
Super Bass,Nicki Minaj,media/Super Bass.mp3,129,0.27
Final Song,MÃ˜,media/Final Song.mp3,103,0.25
Tuesday (feat. Danelle Sandoval),Sheran Makonnen,media/Tuesday (feat. Danelle Sandoval).mp3,99,0.31
Therefore I Am,Billie Eilish,media/Billie Eilish - Therefore I Am (UNDREAM Remix).mp3,96,0.28
Addict,NEFFEX,media/Addict.mp3,152,0.32
